player_id,player_name,player_profile,twitter_username,twitter_profile
AbbrJa00,Jared Abbrederis,https://www.pro-football-reference.com/players/A/AbbrJa00.htm,abbrecadabra,https://twitter.com/abbrecadabra
AbduIs00,Isa Abdul-Quddus,https://www.pro-football-reference.com/players/A/AbduIs00.htm,iamisa1,https://twitter.com/iamisa1
AbduAm00,Ameer Abdullah,https://www.pro-football-reference.com/players/A/AbduAm00.htm,Ameerguapo,https://twitter.com/Ameerguapo
AbduHa20,Hamza Abdullah,https://www.pro-football-reference.com/players/A/AbduHa20.htm,HamzaAbdullah21,https://twitter.com/HamzaAbdullah21
AbduHu99,Husain Abdullah,https://www.pro-football-reference.com/players/A/AbduHu99.htm,HAbdullah39,https://twitter.com/HAbdullah39
AbiaVi99,Victor Abiamiri,https://www.pro-football-reference.com/players/A/AbiaVi99.htm,victorabiamiri,https://twitter.com/victorabiamiri
AbraJo00,John Abraham,https://www.pro-football-reference.com/players/A/AbraJo00.htm,55getlive,https://twitter.com/55getlive
AbraJo01,Johnathan Abram,https://www.pro-football-reference.com/players/A/AbraJo01.htm,JohnathanAbram1,https://twitter.com/JohnathanAbram1
AchoSa00,Sam Acho,https://www.pro-football-reference.com/players/A/AchoSa00.htm,TheSamAcho,https://twitter.com/TheSamAcho
AckeKe00,Kenneth Acker,https://www.pro-football-reference.com/players/A/AckeKe00.htm,,https://twitter.com/
AdamAn20,Anthony Adams,https://www.pro-football-reference.com/players/A/AdamAn20.htm,spiceadams,https://twitter.com/spiceadams
AdamDa01,Davante Adams,https://www.pro-football-reference.com/players/A/AdamDa01.htm,tae15adams,https://twitter.com/tae15adams
AdamJe01,Jerell Adams,https://www.pro-football-reference.com/players/A/AdamJe01.htm,DBE_rell,https://twitter.com/DBE_rell
AdamMa00,Matthew Adams,https://www.pro-football-reference.com/players/A/AdamMa00.htm,all_in_adams,https://twitter.com/all_in_adams
AdamMi98,Michael Adams,https://www.pro-football-reference.com/players/A/AdamMi98.htm,meezybaby27,https://twitter.com/meezybaby27
AdamMi21,Mike Adams,https://www.pro-football-reference.com/players/A/AdamMi21.htm,MDOTADAMS20,https://twitter.com/MDOTADAMS20
AdicMa20,Mark Adickes,https://www.pro-football-reference.com/players/A/AdicMa20.htm,jocktodoc,https://twitter.com/jocktodoc
AghoNe00,Nelson Agholor,https://www.pro-football-reference.com/players/A/AghoNe00.htm,nelsonagholor,https://twitter.com/nelsonagholor
AguaRo00,Roberto Aguayo,https://www.pro-football-reference.com/players/A/AguaRo00.htm,_RobertoAguayo,https://twitter.com/_RobertoAguayo
AikeWa00,Walt Aikens,https://www.pro-football-reference.com/players/A/AikeWa00.htm,Walt_Aikens,https://twitter.com/Walt_Aikens
AikmTr00,Troy Aikman,https://www.pro-football-reference.com/players/A/AikmTr00.htm,TroyAikman,https://twitter.com/TroyAikman
AingEr00,Erik Ainge,https://www.pro-football-reference.com/players/A/AingEr00.htm,ErikAinge3,https://twitter.com/ErikAinge3
AjayJa00,Jay Ajayi,https://www.pro-football-reference.com/players/A/AjayJa00.htm,JayTrain23,https://twitter.com/JayTrain23
AjirSe00,Seyi Ajirotutu,https://www.pro-football-reference.com/players/A/AjirSe00.htm,satutu19,https://twitter.com/satutu19
AlbeBr20,Branden Albert,https://www.pro-football-reference.com/players/A/AlbeBr20.htm,,https://twitter.com/
AlbrAl00,Alex Albright,https://www.pro-football-reference.com/players/A/AlbrAl00.htm,albrigha98,https://twitter.com/albrigha98
AlexD.00,D.J. Alexander,https://www.pro-football-reference.com/players/A/AlexD.00.htm,D_alexander57,https://twitter.com/D_alexander57
AlexDa00,Danario Alexander,https://www.pro-football-reference.com/players/A/AlexDa00.htm,D_Alexander84,https://twitter.com/D_Alexander84
AlexGe99,Gerald Alexander,https://www.pro-football-reference.com/players/A/AlexGe99.htm,GAlexander21,https://twitter.com/GAlexander21
AlexKw00,Kwon Alexander,https://www.pro-football-reference.com/players/A/AlexKw00.htm,kwon,https://twitter.com/kwon
AlexLo99,Lorenzo Alexander,https://www.pro-football-reference.com/players/A/AlexLo99.htm,onemangang97,https://twitter.com/onemangang97
AlexMa01,Mackensie Alexander,https://www.pro-football-reference.com/players/A/AlexMa01.htm,MackAlexander20,https://twitter.com/MackAlexander20
AlexSh00,Shaun Alexander,https://www.pro-football-reference.com/players/A/AlexSh00.htm,shaunalexander,https://twitter.com/shaunalexander
AlexVa00,Vadal Alexander,https://www.pro-football-reference.com/players/A/AlexVa00.htm,v_alex74,https://twitter.com/v_alex74
AlfoMa00,Mario Alford,https://www.pro-football-reference.com/players/A/AlfoMa00.htm,mario_alford,https://twitter.com/mario_alford
AlixCh00,Charles Ali,https://www.pro-football-reference.com/players/A/AlixCh00.htm,Ali650,https://twitter.com/Ali650
AlieMo00,Mo Alie-Cox,https://www.pro-football-reference.com/players/A/AlieMo00.htm,MoAlie81,https://twitter.com/MoAlie81
AlleAn01,Anthony Allen,https://www.pro-football-reference.com/players/A/AlleAn01.htm,Ant_Allen,https://twitter.com/Ant_Allen
AlleBe00,Beau Allen,https://www.pro-football-reference.com/players/A/AlleBe00.htm,Beau_Allen,https://twitter.com/Beau_Allen
AlleBr00,Brandon Allen,https://www.pro-football-reference.com/players/A/AlleBr00.htm,BrandonAllen_10,https://twitter.com/BrandonAllen_10
AlleCo00,Cortez Allen,https://www.pro-football-reference.com/players/A/AlleCo00.htm,Cortez_Allen,https://twitter.com/Cortez_Allen
AlleJa24,Jake Allen,https://www.pro-football-reference.com/players/A/AlleJa24.htm,lrgkid85,https://twitter.com/lrgkid85
AlleJa22,Jared Allen,https://www.pro-football-reference.com/players/A/AlleJa22.htm,JaredAllen69,https://twitter.com/JaredAllen69
AlleJa23,Jason Allen,https://www.pro-football-reference.com/players/A/AlleJa23.htm,JAllenAllstars,https://twitter.com/JAllenAllstars
AlleJa01,Javorius Allen,https://www.pro-football-reference.com/players/A/AlleJa01.htm,realbuckallen,https://twitter.com/realbuckallen
AlleRi00,Ricardo Allen,https://www.pro-football-reference.com/players/A/AlleRi00.htm,Ricardo37Allen,https://twitter.com/Ricardo37Allen
AlleRo20,Roger Allen,https://www.pro-football-reference.com/players/A/AlleRo20.htm,Big_Rog70,https://twitter.com/Big_Rog70
AlleWi21,Will Allen,https://www.pro-football-reference.com/players/A/AlleWi21.htm,WillAllenWAF,https://twitter.com/WillAllenWAF
AmarJa00,Jace Amaro,https://www.pro-football-reference.com/players/A/AmarJa00.htm,J_ACER22,https://twitter.com/J_ACER22
AmosAd00,Adrian Amos,https://www.pro-football-reference.com/players/A/AmosAd00.htm,SmashAmos38,https://twitter.com/SmashAmos38
AmukPr00,Prince Amukamara,https://www.pro-football-reference.com/players/A/AmukPr00.htm,PrinceAmukamara,https://twitter.com/PrinceAmukamara
AndeDa01,David Anderson,https://www.pro-football-reference.com/players/A/AndeDa01.htm,DavidAnderson89,https://twitter.com/DavidAnderson89
AndeHe00,Henry Anderson,https://www.pro-football-reference.com/players/A/AndeHe00.htm,HenryAnderson91,https://twitter.com/HenryAnderson91
AndeJa98,Jamaal Anderson,https://www.pro-football-reference.com/players/A/AndeJa98.htm,Jamaal_Anderson,https://twitter.com/Jamaal_Anderson
AndeJa00,Jamal Anderson,https://www.pro-football-reference.com/players/A/AndeJa00.htm,jamthedirtybird,https://twitter.com/jamthedirtybird
AndeJa21,James Anderson,https://www.pro-football-reference.com/players/A/AndeJa21.htm,42JamesAnderson,https://twitter.com/42JamesAnderson
AndeMa21,Mark Anderson,https://www.pro-football-reference.com/players/A/AndeMa21.htm,MAnderson_95,https://twitter.com/MAnderson_95
AndeOt00,Ottis Anderson,https://www.pro-football-reference.com/players/A/AndeOt00.htm,OJAnderson24,https://twitter.com/OJAnderson24
AndrSh55,Shawn Andrews,https://www.pro-football-reference.com/players/A/AndrSh55.htm,IMShawnAndrews,https://twitter.com/IMShawnAndrews
AnsaEz00,Ezekiel Ansah,https://www.pro-football-reference.com/players/A/AnsaEz00.htm,Ziggy_Ansah,https://twitter.com/Ziggy_Ansah
AnthSt00,Stephone Anthony,https://www.pro-football-reference.com/players/A/AnthSt00.htm,stephoneanthony,https://twitter.com/stephoneanthony
ApplEl00,Eli Apple,https://www.pro-football-reference.com/players/A/ApplEl00.htm,EliApple13,https://twitter.com/EliApple13
ArchDr00,Dri Archer,https://www.pro-football-reference.com/players/A/ArchDr00.htm,Dri_Archer1,https://twitter.com/Dri_Archer1
ArenJa99,Javier Arenas,https://www.pro-football-reference.com/players/A/ArenJa99.htm,JavierArenas21,https://twitter.com/JavierArenas21
ArmbTh00,Thurston Armbrister,https://www.pro-football-reference.com/players/A/ArmbTh00.htm,thursty4success,https://twitter.com/thursty4success
ArmsAr01,Arik Armstead,https://www.pro-football-reference.com/players/A/ArmsAr01.htm,arikarmstead,https://twitter.com/arikarmstead
ArmsAn00,Anthony Armstrong,https://www.pro-football-reference.com/players/A/ArmsAn00.htm,MrArmstrong13,https://twitter.com/MrArmstrong13
ArnoSt99,Stanley Arnoux,https://www.pro-football-reference.com/players/A/ArnoSt99.htm,2zoe86,https://twitter.com/2zoe86
ArriLa00,LaVar Arrington,https://www.pro-football-reference.com/players/A/ArriLa00.htm,LaVarArrington,https://twitter.com/LaVarArrington
ArtiCa00,Cameron Artis-Payne,https://www.pro-football-reference.com/players/A/ArtiCa00.htm,ThaRealKillaCam,https://twitter.com/ThaRealKillaCam
AsiaDe00,Devin Asiasi,https://www.pro-football-reference.com/players/A/AsiaDe00.htm,ASI2X,https://twitter.com/ASI2X
AtkiBa99,Baraka Atkins,https://www.pro-football-reference.com/players/A/AtkiBa99.htm,SotaCane98,https://twitter.com/SotaCane98
AtkiGe99,Geno Atkins,https://www.pro-football-reference.com/players/A/AtkiGe99.htm,GenoSacks,https://twitter.com/GenoSacks
AtogO.20,O.J. Atogwe,https://www.pro-football-reference.com/players/A/AtogO.20.htm,IAmBlessed21,https://twitter.com/IAmBlessed21
AttaJe00,Jeremiah Attaochu,https://www.pro-football-reference.com/players/A/AttaJe00.htm,JAttaochu45,https://twitter.com/JAttaochu45
AustMa00,Marvin Austin,https://www.pro-football-reference.com/players/A/AustMa00.htm,AnchorManAustin,https://twitter.com/AnchorManAustin
AustMi00,Miles Austin,https://www.pro-football-reference.com/players/A/AustMi00.htm,MilesAustinIII,https://twitter.com/MilesAustinIII
AustTa00,Tavon Austin,https://www.pro-football-reference.com/players/A/AustTa00.htm,Tayaustin01,https://twitter.com/Tayaustin01
AustTe00,Terrence Austin,https://www.pro-football-reference.com/players/A/AustTe00.htm,Terrence_Austin,https://twitter.com/Terrence_Austin
AvriCl99,Cliff Avril,https://www.pro-football-reference.com/players/A/AvriCl99.htm,cliffavril,https://twitter.com/cliffavril
AyanBr99,Brendon Ayanbadejo,https://www.pro-football-reference.com/players/A/AyanBr99.htm,brendon310,https://twitter.com/brendon310
AyerAk00,Akeem Ayers,https://www.pro-football-reference.com/players/A/AyerAk00.htm,Akeem_Ayers,https://twitter.com/Akeem_Ayers
AyerDe00,Demarcus Ayers,https://www.pro-football-reference.com/players/A/AyerDe00.htm,DAYERS_LOE,https://twitter.com/DAYERS_LOE
AyerRo99,Robert Ayers,https://www.pro-football-reference.com/players/A/AyerRo99.htm,1_900_ayersjr,https://twitter.com/1_900_ayersjr
AyodRe99,Remi Ayodele,https://www.pro-football-reference.com/players/A/AyodRe99.htm,RemiAyo,https://twitter.com/RemiAyo
AzumJe00,Jerry Azumah,https://www.pro-football-reference.com/players/A/AzumJe00.htm,JerryAzumah,https://twitter.com/JerryAzumah
BabiJa20,Jason Babin,https://www.pro-football-reference.com/players/B/BabiJa20.htm,JasonBabin93,https://twitter.com/JasonBabin93
BabiJo21,Jordan Babineaux,https://www.pro-football-reference.com/players/B/BabiJo21.htm,jordanbabineaux,https://twitter.com/jordanbabineaux
BackKe00,Kennard Backman,https://www.pro-football-reference.com/players/B/BackKe00.htm,kback86,https://twitter.com/kback86
BailCh00,Champ Bailey,https://www.pro-football-reference.com/players/B/BailCh00.htm,champbailey,https://twitter.com/champbailey
BailDa00,Dan Bailey,https://www.pro-football-reference.com/players/B/BailDa00.htm,,https://twitter.com/
BailRo20,Robert Bailey,https://www.pro-football-reference.com/players/B/BailRo20.htm,NFLrecord,https://twitter.com/NFLrecord
BakeCh00,Chris Baker,https://www.pro-football-reference.com/players/B/BakeCh00.htm,Toten86,https://twitter.com/Toten86
BakeCh99,Chris Baker,https://www.pro-football-reference.com/players/B/BakeCh99.htm,cbakerswaggy,https://twitter.com/cbakerswaggy
BaldDo00,Doug Baldwin,https://www.pro-football-reference.com/players/B/BaldDo00.htm,DougBaldwinJr,https://twitter.com/DougBaldwinJr
BaldEr99,Ervin Baldwin,https://www.pro-football-reference.com/players/B/BaldEr99.htm,ervinbaldwin94,https://twitter.com/ervinbaldwin94
BallLa00,Lance Ball,https://www.pro-football-reference.com/players/B/BallLa00.htm,LanceBall35,https://twitter.com/LanceBall35
BallNe00,Neiron Ball,https://www.pro-football-reference.com/players/B/BallNe00.htm,NeironBall_11,https://twitter.com/NeironBall_11
BallJa21,Jake Ballard,https://www.pro-football-reference.com/players/B/BallJa21.htm,TheJakeBallard,https://twitter.com/TheJakeBallard
BallLo00,Lonnie Ballentine,https://www.pro-football-reference.com/players/B/BallLo00.htm,Big_Play_4,https://twitter.com/Big_Play_4
BankAa00,Aaron Banks,https://www.pro-football-reference.com/players/B/BankAa00.htm,bigaaronbanks,https://twitter.com/bigaaronbanks
BankBr00,Brandon Banks,https://www.pro-football-reference.com/players/B/BankBr00.htm,speedybanks16,https://twitter.com/speedybanks16
BankCa00,Carl Banks,https://www.pro-football-reference.com/players/B/BankCa00.htm,CarlBanksGIII,https://twitter.com/CarlBanksGIII
BanoBe00,Ben Banogu,https://www.pro-football-reference.com/players/B/BanoBe00.htm,benbanogu,https://twitter.com/benbanogu
BarbDo99,Dominique Barber,https://www.pro-football-reference.com/players/B/BarbDo99.htm,34dombarber,https://twitter.com/34dombarber
BardRa00,Ramses Barden,https://www.pro-football-reference.com/players/B/BardRa00.htm,RamsesSHINES,https://twitter.com/RamsesSHINES
BarkJo00,Joe Barksdale,https://www.pro-football-reference.com/players/B/BarkJo00.htm,jbdale72,https://twitter.com/jbdale72
BarmCh00,Christian Barmore,https://www.pro-football-reference.com/players/B/BarmCh00.htm,Chris_Bmore4u,https://twitter.com/Chris_Bmore4u
BarnAn99,Antwan Barnes,https://www.pro-football-reference.com/players/B/BarnAn99.htm,AntwanBarnes42,https://twitter.com/AntwanBarnes42
BarnDa00,Darian Barnes,https://www.pro-football-reference.com/players/B/BarnDa00.htm,Darian_Barnes,https://twitter.com/Darian_Barnes
BarnNi20,Nick Barnett,https://www.pro-football-reference.com/players/B/BarnNi20.htm,NickBarnett,https://twitter.com/NickBarnett
BarnGa01,Gary Barnidge,https://www.pro-football-reference.com/players/B/BarnGa01.htm,garybarnidge,https://twitter.com/garybarnidge
BarrAn00,Anthony Barr,https://www.pro-football-reference.com/players/B/BarrAn00.htm,AnthonyBarr,https://twitter.com/AnthonyBarr
BarrLa00,Lamin Barrow,https://www.pro-football-reference.com/players/B/BarrLa00.htm,5_X_7,https://twitter.com/5_X_7
BartEr20,Eric Barton,https://www.pro-football-reference.com/players/B/BartEr20.htm,ericbarton50,https://twitter.com/ericbarton50
BarwCo99,Connor Barwin,https://www.pro-football-reference.com/players/B/BarwCo99.htm,ConnorBarwin98,https://twitter.com/ConnorBarwin98
BatcBa00,Baron Batch,https://www.pro-football-reference.com/players/B/BatcBa00.htm,baron_batch,https://twitter.com/baron_batch
BatcCh00,Charlie Batch,https://www.pro-football-reference.com/players/B/BatcCh00.htm,CharlieBatch16,https://twitter.com/CharlieBatch16
BateTr00,Trevor Bates,https://www.pro-football-reference.com/players/B/BateTr00.htm,9_tjb,https://twitter.com/9_tjb
BattDa99,Danny Batten,https://www.pro-football-reference.com/players/B/BattDa99.htm,dannybatten57,https://twitter.com/dannybatten57
BattAd00,Adrian Battles,https://www.pro-football-reference.com/players/B/BattAd00.htm,AdrianBattles64,https://twitter.com/AdrianBattles64
BaunZa00,Zack Baun,https://www.pro-football-reference.com/players/B/BaunZa00.htm,zackbizzaun,https://twitter.com/zackbizzaun
BeadZa20,Zane Beadles,https://www.pro-football-reference.com/players/B/BeadZa20.htm,zanebeadles,https://twitter.com/zanebeadles
BeasVi00,Vic Beasley,https://www.pro-football-reference.com/players/B/BeasVi00.htm,VicBeasley3,https://twitter.com/VicBeasley3
BeasJo99,Jon Beason,https://www.pro-football-reference.com/players/B/BeasJo99.htm,jonbeason,https://twitter.com/jonbeason
BeatWi20,Will Beatty,https://www.pro-football-reference.com/players/B/BeatWi20.htm,willbeatty65,https://twitter.com/willbeatty65
BeavWi00,Willie Beavers,https://www.pro-football-reference.com/players/B/BeavWi00.htm,Beaves70_,https://twitter.com/Beaves70_
BeckOd00,Odell Beckham Jr.,https://www.pro-football-reference.com/players/B/BeckOd00.htm,OBJ_3,https://twitter.com/OBJ_3
BeckTr00,Travis Beckum,https://www.pro-football-reference.com/players/B/BeckTr00.htm,TravisBeckum47,https://twitter.com/TravisBeckum47
BeckDa99,Darry Beckwith,https://www.pro-football-reference.com/players/B/BeckDa99.htm,Darry_Beckwith,https://twitter.com/Darry_Beckwith
BellBl00,Blake Bell,https://www.pro-football-reference.com/players/B/BellBl00.htm,B_Bell10,https://twitter.com/B_Bell10
BellDe20,Demetress Bell,https://www.pro-football-reference.com/players/B/BellDe20.htm,DBell77,https://twitter.com/DBell77
BellJo01,Joique Bell,https://www.pro-football-reference.com/players/B/BellJo01.htm,JoiqueBell,https://twitter.com/JoiqueBell
BellKa00,Kahlil Bell,https://www.pro-football-reference.com/players/B/BellKa00.htm,KahlilBell32,https://twitter.com/KahlilBell32
BellKe02,Kenny Bell,https://www.pro-football-reference.com/players/B/BellKe02.htm,AFRO_THUNDER80,https://twitter.com/AFRO_THUNDER80
BellVo00,Vonn Bell,https://www.pro-football-reference.com/players/B/BellVo00.htm,TheVonnBell7,https://twitter.com/TheVonnBell7
BellNi01,Nick Bellore,https://www.pro-football-reference.com/players/B/BellNi01.htm,NBELLORE54,https://twitter.com/NBELLORE54
BeneCa00,Caleb Benenoch,https://www.pro-football-reference.com/players/B/BeneCa00.htm,CalebBenenoch,https://twitter.com/CalebBenenoch
BenjKe00,Kelvin Benjamin,https://www.pro-football-reference.com/players/B/BenjKe00.htm,kelvinbenjamin,https://twitter.com/kelvinbenjamin
BennAr00,Arrelious Benn,https://www.pro-football-reference.com/players/B/BennAr00.htm,ArreliousBenn,https://twitter.com/ArreliousBenn
BennDr00,Drew Bennett,https://www.pro-football-reference.com/players/B/BennDr00.htm,DrewBennett83,https://twitter.com/DrewBennett83
BennEa00,Earl Bennett,https://www.pro-football-reference.com/players/B/BennEa00.htm,EarlBBennett,https://twitter.com/EarlBBennett
BennMa00,Martellus Bennett,https://www.pro-football-reference.com/players/B/BennMa00.htm,MartysaurusRex,https://twitter.com/MartysaurusRex
BennMi01,Michael Bennett,https://www.pro-football-reference.com/players/B/BennMi01.htm,mosesbread72,https://twitter.com/mosesbread72
BensCe00,Cedric Benson,https://www.pro-football-reference.com/players/B/BensCe00.htm,Cedric_Benson,https://twitter.com/Cedric_Benson
BentLe00,LeCharles Bentley,https://www.pro-football-reference.com/players/B/BentLe00.htm,LeCharlesBent65,https://twitter.com/LeCharlesBent65
BenwBe00,Bene Benwikere,https://www.pro-football-reference.com/players/B/BenwBe00.htm,JustBeneB,https://twitter.com/JustBeneB
BerhNa00,Nat Berhe,https://www.pro-football-reference.com/players/B/BerhNa00.htm,NatBerhe,https://twitter.com/NatBerhe
BernMa20,Mackenzy Bernadeau,https://www.pro-football-reference.com/players/B/BernMa20.htm,MackB73,https://twitter.com/MackB73
BerrBe00,Bernard Berrian,https://www.pro-football-reference.com/players/B/BerrBe00.htm,B_Twice,https://twitter.com/B_Twice
BerrDa00,Damien Berry,https://www.pro-football-reference.com/players/B/BerrDa00.htm,DJBerry20,https://twitter.com/DJBerry20
BerrEr99,Eric Berry,https://www.pro-football-reference.com/players/B/BerrEr99.htm,Stuntman1429,https://twitter.com/Stuntman1429
BessDa00,Davone Bess,https://www.pro-football-reference.com/players/B/BessDa00.htm,,https://twitter.com/
BestJa00,Jahvid Best,https://www.pro-football-reference.com/players/B/BestJa00.htm,J4hvidbest,https://twitter.com/J4hvidbest
BethAn20,Antoine Bethea,https://www.pro-football-reference.com/players/B/BethAn20.htm,ABethea41,https://twitter.com/ABethea41
BettJe00,Jerome Bettis,https://www.pro-football-reference.com/players/B/BettJe00.htm,JeromeBettis36,https://twitter.com/JeromeBettis36
BierKr99,Kroy Biermann,https://www.pro-football-reference.com/players/B/BierKr99.htm,biermann71,https://twitter.com/biermann71
BillBr0c,Brian Billick,https://www.pro-football-reference.com/players/B/BillBr0c.htm,CoachBillick,https://twitter.com/CoachBillick
BillAn00,Andrew Billings,https://www.pro-football-reference.com/players/B/BillAn00.htm,BillingsAndrew,https://twitter.com/BillingsAndrew
BingDa00,Darnell Bing,https://www.pro-football-reference.com/players/B/BingDa00.htm,DarnellBing,https://twitter.com/DarnellBing
BirdJJ00,J.J. Birden,https://www.pro-football-reference.com/players/B/BirdJJ00.htm,jjbirden,https://twitter.com/jjbirden
bironrob01,Rob Bironas,https://www.pro-football-reference.com/players/B/bironrob01.htm,RobBironas,https://twitter.com/RobBironas
BishDe99,Desmond Bishop,https://www.pro-football-reference.com/players/B/BishDe99.htm,Desbishop55,https://twitter.com/Desbishop55
BitoJo00,Joel Bitonio,https://www.pro-football-reference.com/players/B/BitoJo00.htm,JoelBitonio,https://twitter.com/JoelBitonio
BlacAh00,Ahmad Black,https://www.pro-football-reference.com/players/B/BlacAh00.htm,ahmadblack35,https://twitter.com/ahmadblack35
BlacJu01,Julian Blackmon,https://www.pro-football-reference.com/players/B/BlacJu01.htm,JumpManJu32,https://twitter.com/JumpManJu32
BlacJu00,Justin Blackmon,https://www.pro-football-reference.com/players/B/BlacJu00.htm,JustBlack81,https://twitter.com/JustBlack81
BlaiRo00,Ronald Blair,https://www.pro-football-reference.com/players/B/BlaiRo00.htm,superblair,https://twitter.com/superblair
BlalJu20,Justin Blalock,https://www.pro-football-reference.com/players/B/BlalJu20.htm,justblaze63,https://twitter.com/justblaze63
BlanRo01,Rob Blanchflower,https://www.pro-football-reference.com/players/B/BlanRo01.htm,Rob_Blanch,https://twitter.com/Rob_Blanch
BlanRo03,Rodrigo Blankenship,https://www.pro-football-reference.com/players/B/BlanRo03.htm,RodTheKicker3,https://twitter.com/RodTheKicker3
BlanRo00,Robert Blanton,https://www.pro-football-reference.com/players/B/BlanRo00.htm,BlantonRobert,https://twitter.com/BlantonRobert
BlueAl00,Alfred Blue,https://www.pro-football-reference.com/players/B/BlueAl00.htm,AlfredBlue4,https://twitter.com/AlfredBlue4
BlytAu00,Austin Blythe,https://www.pro-football-reference.com/players/B/BlytAu00.htm,ABlythe63,https://twitter.com/ABlythe63
BoddLe20,Leigh Bodden,https://www.pro-football-reference.com/players/B/BoddLe20.htm,LeighBodden,https://twitter.com/LeighBodden
BodiRu00,Russell Bodine,https://www.pro-football-reference.com/players/B/BodiRu00.htm,Russell_Melk_60,https://twitter.com/Russell_Melk_60
BoehEv00,Evan Boehm,https://www.pro-football-reference.com/players/B/BoehEv00.htm,BIGboehmTHEORY,https://twitter.com/BIGboehmTHEORY
BoehMo00,Moritz Boehringer,https://www.pro-football-reference.com/players/B/BoehMo00.htm,MoBoehringer,https://twitter.com/MoBoehringer
BoldAn00,Anquan Boldin,https://www.pro-football-reference.com/players/B/BoldAn00.htm,AnquanBoldin,https://twitter.com/AnquanBoldin
BoleBr00,Brock Bolen,https://www.pro-football-reference.com/players/B/BoleBr00.htm,BBolen44,https://twitter.com/BBolen44
BolsTe00,Ted Bolser,https://www.pro-football-reference.com/players/B/BolsTe00.htm,TedBolser,https://twitter.com/TedBolser
BookDe00,Devontae Booker,https://www.pro-football-reference.com/players/B/BookDe00.htm,dbook23,https://twitter.com/dbook23
BoroLa00,Larry Borom,https://www.pro-football-reference.com/players/B/BoroLa00.htm,lborom_,https://twitter.com/lborom_
BosaJo00,Joey Bosa,https://www.pro-football-reference.com/players/B/BosaJo00.htm,jbbigbear,https://twitter.com/jbbigbear
BoseTo00,Tony Boselli,https://www.pro-football-reference.com/players/B/BoseTo00.htm,TonyBoselli,https://twitter.com/TonyBoselli
BoshMa00,Matthew Bosher,https://www.pro-football-reference.com/players/B/BoshMa00.htm,MattBosher5,https://twitter.com/MattBosher5
BossKe00,Kevin Boss,https://www.pro-football-reference.com/players/B/BossKe00.htm,KevinBossman,https://twitter.com/KevinBossman
BostTr00,Tre Boston,https://www.pro-football-reference.com/players/B/BostTr00.htm,TreBos10,https://twitter.com/TreBos10
BoswKy00,Kyle Bosworth,https://www.pro-football-reference.com/players/B/BoswKy00.htm,KyleBosworth,https://twitter.com/KyleBosworth
BouiTo20,Tony Bouie,https://www.pro-football-reference.com/players/B/BouiTo20.htm,TBouski,https://twitter.com/TBouski
BowaLu00,Luke Bowanko,https://www.pro-football-reference.com/players/B/BowaLu00.htm,Lbow70,https://twitter.com/Lbow70
BoweAl99,Alvin Bowen,https://www.pro-football-reference.com/players/B/BoweAl99.htm,,https://twitter.com/
BoweMa20,Matt Bowen,https://www.pro-football-reference.com/players/B/BoweMa20.htm,MattBowen41,https://twitter.com/MattBowen41
BoweSt20,Stephen Bowen,https://www.pro-football-reference.com/players/B/BoweSt20.htm,stevebo72,https://twitter.com/stevebo72
BoweDa20,David Bowens,https://www.pro-football-reference.com/players/B/BoweDa20.htm,DBowens96,https://twitter.com/DBowens96
BoweDa00,Da'Quan Bowers,https://www.pro-football-reference.com/players/B/BoweDa00.htm,DaQuanBowers91,https://twitter.com/DaQuanBowers91
BowmNa99,NaVorro Bowman,https://www.pro-football-reference.com/players/B/BowmNa99.htm,NBowman53,https://twitter.com/NBowman53
BoydTa00,Tajh Boyd,https://www.pro-football-reference.com/players/B/BoydTa00.htm,TajhB10,https://twitter.com/TajhB10
BoydTy00,Tyler Boyd,https://www.pro-football-reference.com/players/B/BoydTy00.htm,boutdat_23,https://twitter.com/boutdat_23
BoykBr00,Brandon Boykin,https://www.pro-football-reference.com/players/B/BoykBr00.htm,BrandonBoykin2,https://twitter.com/BrandonBoykin2
BoylNi00,Nick Boyle,https://www.pro-football-reference.com/players/B/BoylNi00.htm,nickboyle86,https://twitter.com/nickboyle86
BracRo99,Ron Brace,https://www.pro-football-reference.com/players/B/BracRo99.htm,Braceyoself97,https://twitter.com/Braceyoself97
BracTy99,Tyron Brackenridge,https://www.pro-football-reference.com/players/B/BracTy99.htm,TBrack41,https://twitter.com/TBrack41
BradJa00,James Bradberry,https://www.pro-football-reference.com/players/B/BradJa00.htm,Brad_B21,https://twitter.com/Brad_B21
BradCa00,Cameron Bradfield,https://www.pro-football-reference.com/players/B/BradCa00.htm,CamBradfield,https://twitter.com/CamBradfield
BradAl00,Allen Bradford,https://www.pro-football-reference.com/players/B/BradAl00.htm,AllenBradford21,https://twitter.com/AllenBradford21
BradCa01,Carl Bradford,https://www.pro-football-reference.com/players/B/BradCa01.htm,,https://twitter.com/
BradSt99,Stewart Bradley,https://www.pro-football-reference.com/players/B/BradSt99.htm,,https://twitter.com/
BranAn00,Andre Branch,https://www.pro-football-reference.com/players/B/BranAn00.htm,BranchNout90,https://twitter.com/BranchNout90
BranDe00,Deion Branch,https://www.pro-football-reference.com/players/B/BranDe00.htm,deionbranch84,https://twitter.com/deionbranch84
BranTy99,Tyvon Branch,https://www.pro-football-reference.com/players/B/BranTy99.htm,tyvonbranch,https://twitter.com/tyvonbranch
BravDa00,Daniel Braverman,https://www.pro-football-reference.com/players/B/BravDa00.htm,Dbrave_8,https://twitter.com/Dbrave_8
BreaSt00,Steve Breaston,https://www.pro-football-reference.com/players/B/BreaSt00.htm,SBreaston15,https://twitter.com/SBreaston15
BreeBa00,Bashaud Breeland,https://www.pro-football-reference.com/players/B/BreeBa00.htm,Bree2Land6,https://twitter.com/Bree2Land6
BreeDr00,Drew Brees,https://www.pro-football-reference.com/players/B/BreeDr00.htm,drewbrees,https://twitter.com/drewbrees
BridTe00,Teddy Bridgewater,https://www.pro-football-reference.com/players/B/BridTe00.htm,teddyb_h2o,https://twitter.com/teddyb_h2o
BrigDi99,Diyral Briggs,https://www.pro-football-reference.com/players/B/BrigDi99.htm,BigBaby_50,https://twitter.com/BigBaby_50
BrinJa99,Jasper Brinkley,https://www.pro-football-reference.com/players/B/BrinJa99.htm,Jasperhitman54,https://twitter.com/Jasperhitman54
BrisJa00,Jacoby Brissett,https://www.pro-football-reference.com/players/B/BrisJa00.htm,JBrissett12,https://twitter.com/JBrissett12
BrisBu00,Bubby Brister,https://www.pro-football-reference.com/players/B/BrisBu00.htm,BubbyBrister,https://twitter.com/BubbyBrister
BritJu00,Justin Britt,https://www.pro-football-reference.com/players/B/BritJu00.htm,JustinBritt68,https://twitter.com/JustinBritt68
BrocKe00,Kevin Brock,https://www.pro-football-reference.com/players/B/BrocKe00.htm,B_rock89,https://twitter.com/B_rock89
BrocRa20,Raheem Brock,https://www.pro-football-reference.com/players/B/BrocRa20.htm,RaheemBrock,https://twitter.com/RaheemBrock
BromJa00,Jay Bromley,https://www.pro-football-reference.com/players/B/BromJa00.htm,JayBrom96,https://twitter.com/JayBrom96
BrooBu20,Bucky Brooks,https://www.pro-football-reference.com/players/B/BrooBu20.htm,BuckyBrooks,https://twitter.com/BuckyBrooks
BrooCh21,Chris Brooks,https://www.pro-football-reference.com/players/B/BrooCh21.htm,ChrisBrooks83,https://twitter.com/ChrisBrooks83
BrooDe00,Derrick Brooks,https://www.pro-football-reference.com/players/B/BrooDe00.htm,DBrooks55,https://twitter.com/DBrooks55
BrooTe00,Terrence Brooks,https://www.pro-football-reference.com/players/B/BrooTe00.htm,_Showtime29,https://twitter.com/_Showtime29
BrooZa00,Zac Brooks,https://www.pro-football-reference.com/players/B/BrooZa00.htm,Z24Brooks,https://twitter.com/Z24Brooks
BrotKe00,Kentrell Brothers,https://www.pro-football-reference.com/players/B/BrotKe00.htm,Kentrell_Mizzou,https://twitter.com/Kentrell_Mizzou
BrowAl20,Alex Brown,https://www.pro-football-reference.com/players/B/BrowAl20.htm,alexbrown96,https://twitter.com/alexbrown96
BrowAn02,Anthony Brown,https://www.pro-football-reference.com/players/B/BrowAn02.htm,nino9brown,https://twitter.com/nino9brown
BrowAn04,Antonio Brown,https://www.pro-football-reference.com/players/B/BrowAn04.htm,AB84,https://twitter.com/AB84
BrowCh05,Chykie Brown,https://www.pro-football-reference.com/players/B/BrowCh05.htm,chykieb,https://twitter.com/chykieb
BrowCo00,Cornelius Brown,https://www.pro-football-reference.com/players/B/BrowCo00.htm,aLOVEcase,https://twitter.com/aLOVEcase
BrowDa03,Da'Ron Brown,https://www.pro-football-reference.com/players/B/BrowDa03.htm,KingRon_4,https://twitter.com/KingRon_4
BrowDe05,Derrick Brown,https://www.pro-football-reference.com/players/B/BrowDe05.htm,DerrickBrownAU5,https://twitter.com/DerrickBrownAU5
BrowDu20,Duane Brown,https://www.pro-football-reference.com/players/B/BrowDu20.htm,DuaneBrown76,https://twitter.com/DuaneBrown76
BrowEv99,Everette Brown,https://www.pro-football-reference.com/players/B/BrowEv99.htm,EveretteBrown,https://twitter.com/EveretteBrown
BrowGi20,Gilbert Brown,https://www.pro-football-reference.com/players/B/BrowGi20.htm,GilbertBrown,https://twitter.com/GilbertBrown
BrowJa00,Jalil Brown,https://www.pro-football-reference.com/players/B/BrowJa00.htm,TheJalilBrown,https://twitter.com/TheJalilBrown
BrowJa55,Jammal Brown,https://www.pro-football-reference.com/players/B/BrowJa55.htm,JBrown5570,https://twitter.com/JBrown5570
BrowJa04,Jamon Brown,https://www.pro-football-reference.com/players/B/BrowJa04.htm,NFLBOUND_jBrown,https://twitter.com/NFLBOUND_jBrown
BrowJa01,Jarrett Brown,https://www.pro-football-reference.com/players/B/BrowJa01.htm,JarrettBrownQB,https://twitter.com/JarrettBrownQB
BrowJa05,Jatavis Brown,https://www.pro-football-reference.com/players/B/BrowJa05.htm,JB_five7,https://twitter.com/JB_five7
BrowKa99,Kareem Brown,https://www.pro-football-reference.com/players/B/BrowKa99.htm,IamKareemBrown,https://twitter.com/IamKareemBrown
BrowLa01,Larry Brown,https://www.pro-football-reference.com/players/B/BrowLa01.htm,LarryBrown43,https://twitter.com/LarryBrown43
BrowLo00,Lomas Brown,https://www.pro-football-reference.com/players/B/BrowLo00.htm,LomasBrown75,https://twitter.com/LomasBrown75
BrowMa01,Malcom Brown,https://www.pro-football-reference.com/players/B/BrowMa01.htm,MallyCat_28,https://twitter.com/MallyCat_28
BrowPr00,Preston Brown,https://www.pro-football-reference.com/players/B/BrowPr00.htm,PB_Number2,https://twitter.com/PB_Number2
BrowSe00,Sergio Brown,https://www.pro-football-reference.com/players/B/BrowSe00.htm,SergioBrown38,https://twitter.com/SergioBrown38
BrowSh00,Shakur Brown,https://www.pro-football-reference.com/players/B/BrowSh00.htm,shackspeare29,https://twitter.com/shackspeare29
BrowSp00,Spencer Brown,https://www.pro-football-reference.com/players/B/BrowSp00.htm,TooTallo_o,https://twitter.com/TooTallo_o
BrowSt99,Stevie Brown,https://www.pro-football-reference.com/players/B/BrowSt99.htm,StevieBrown27,https://twitter.com/StevieBrown27
BrowTa99,Tarell Brown,https://www.pro-football-reference.com/players/B/BrowTa99.htm,TarellBrown25,https://twitter.com/TarellBrown25
BrowTi00,Tim Brown,https://www.pro-football-reference.com/players/B/BrowTi00.htm,81TimBrown,https://twitter.com/81TimBrown
BrowTi20,Titus Brown,https://www.pro-football-reference.com/players/B/BrowTi20.htm,GoHam59,https://twitter.com/GoHam59
BrowTr00,Troy Brown,https://www.pro-football-reference.com/players/B/BrowTr00.htm,RealTroyBrown80,https://twitter.com/RealTroyBrown80
BrowZa00,Zach Brown,https://www.pro-football-reference.com/players/B/BrowZa00.htm,ZachBrown_55,https://twitter.com/ZachBrown_55
BrowBa01,Baron Browning,https://www.pro-football-reference.com/players/B/BrowBa01.htm,baronbrwnng,https://twitter.com/baronbrwnng
BroyRy00,Ryan Broyles,https://www.pro-football-reference.com/players/B/BroyRy00.htm,RyanBroyles,https://twitter.com/RyanBroyles
BrunMa00,Mark Brunell,https://www.pro-football-reference.com/players/B/BrunMa00.htm,M_Brunell8,https://twitter.com/M_Brunell8
BrutDa99,David Bruton,https://www.pro-football-reference.com/players/B/BrutDa99.htm,D_Brut30,https://twitter.com/D_Brut30
BryaDe01,Dez Bryant,https://www.pro-football-reference.com/players/B/BryaDe01.htm,DezBryant,https://twitter.com/DezBryant
BryaMa00,Martavis Bryant,https://www.pro-football-reference.com/players/B/BryaMa00.htm,ThaBestUNO,https://twitter.com/ThaBestUNO
BucaDe00,Deone Bucannon,https://www.pro-football-reference.com/players/B/BucaDe00.htm,deonebucannon20,https://twitter.com/deonebucannon20
BuchPh20,Phillip Buchanon,https://www.pro-football-reference.com/players/B/BuchPh20.htm,PhillipBuchanon,https://twitter.com/PhillipBuchanon
BuckDe00,DeForest Buckner,https://www.pro-football-reference.com/players/B/BuckDe00.htm,deforestbuckner,https://twitter.com/deforestbuckner
BulaBr20,Bryan Bulaga,https://www.pro-football-reference.com/players/B/BulaBr20.htm,BBulaga,https://twitter.com/BBulaga
BullJo00,Jonathan Bullard,https://www.pro-football-reference.com/players/B/BullJo00.htm,JBullard90,https://twitter.com/JBullard90
BullRa00,Randy Bullock,https://www.pro-football-reference.com/players/B/BullRa00.htm,randybullock28,https://twitter.com/randybullock28
BullKe00,Keith Bulluck,https://www.pro-football-reference.com/players/B/BullKe00.htm,kbull53,https://twitter.com/kbull53
BumpMi00,Michael Bumpus,https://www.pro-football-reference.com/players/B/BumpMi00.htm,michaelbumpus5,https://twitter.com/michaelbumpus5
BurbAa00,Aaron Burbridge,https://www.pro-football-reference.com/players/B/BurbAa00.htm,ABurb16,https://twitter.com/ABurb16
BurgTe00,Terrell Burgess,https://www.pro-football-reference.com/players/B/BurgTe00.htm,TiTaniumT98,https://twitter.com/TiTaniumT98
BurlNa00,Nate Burleson,https://www.pro-football-reference.com/players/B/BurlNa00.htm,nateburleson,https://twitter.com/nateburleson
BurnAr00,Artie Burns,https://www.pro-football-reference.com/players/B/BurnAr00.htm,_audi8,https://twitter.com/_audi8
BurrPl00,Plaxico Burress,https://www.pro-football-reference.com/players/B/BurrPl00.htm,plaxicoburress,https://twitter.com/plaxicoburress
BurrJu00,Juston Burris,https://www.pro-football-reference.com/players/B/BurrJu00.htm,JdotBurris32,https://twitter.com/JdotBurris32
BurtBr00,Brandon Burton,https://www.pro-football-reference.com/players/B/BurtBr00.htm,BrandonBurton36,https://twitter.com/BrandonBurton36
BurtKe00,Keenan Burton,https://www.pro-football-reference.com/players/B/BurtKe00.htm,KeenanBurton,https://twitter.com/KeenanBurton
BurtMi00,Michael Burton,https://www.pro-football-reference.com/players/B/BurtMi00.htm,MikeBurtonFB,https://twitter.com/MikeBurtonFB
BushDe00,Deon Bush,https://www.pro-football-reference.com/players/B/BushDe00.htm,deonbushlive2,https://twitter.com/deonbushlive2
BushJa20,Jarrett Bush,https://www.pro-football-reference.com/players/B/BushJa20.htm,Jarrettbush,https://twitter.com/Jarrettbush
BushMi00,Michael Bush,https://www.pro-football-reference.com/players/B/BushMi00.htm,michaelbush29,https://twitter.com/michaelbush29
BushRa00,Rafael Bush,https://www.pro-football-reference.com/players/B/BushRa00.htm,rbush36,https://twitter.com/rbush36
BushRe00,Reggie Bush,https://www.pro-football-reference.com/players/B/BushRe00.htm,ReggieBush,https://twitter.com/ReggieBush
BushJe20,Jermon Bushrod,https://www.pro-football-reference.com/players/B/BushJe20.htm,j_bushrod7475,https://twitter.com/j_bushrod7475
BussNa00,Nate Bussey,https://www.pro-football-reference.com/players/B/BussNa00.htm,NateBUSSEY59,https://twitter.com/NateBUSSEY59
ButkHa00,Harrison Butker,https://www.pro-football-reference.com/players/B/ButkHa00.htm,buttkicker7,https://twitter.com/buttkicker7
ButlCr99,Crezdon Butler,https://www.pro-football-reference.com/players/B/ButlCr99.htm,butlerboy28,https://twitter.com/butlerboy28
ButlDa99,Darius Butler,https://www.pro-football-reference.com/players/B/ButlDa99.htm,DariusJButler,https://twitter.com/DariusJButler
ButlMa01,Malcolm Butler,https://www.pro-football-reference.com/players/B/ButlMa01.htm,Mac_BZ,https://twitter.com/Mac_BZ
ByarKe01,Kevin Byard,https://www.pro-football-reference.com/players/B/ByarKe01.htm,KB31_Era,https://twitter.com/KB31_Era
ByrdDo00,Dominique Byrd,https://www.pro-football-reference.com/players/B/ByrdDo00.htm,TheRealDByrd,https://twitter.com/TheRealDByrd
ByrdJa99,Jairus Byrd,https://www.pro-football-reference.com/players/B/ByrdJa99.htm,jairusbyrd,https://twitter.com/jairusbyrd
CainJe20,Jeremy Cain,https://www.pro-football-reference.com/players/C/CainJe20.htm,JeremyCain44,https://twitter.com/JeremyCain44
CaldAn00,Andre Caldwell,https://www.pro-football-reference.com/players/C/CaldAn00.htm,,https://twitter.com/
CaldAn20,Antoine Caldwell,https://www.pro-football-reference.com/players/C/CaldAn20.htm,Twan6Deuce,https://twitter.com/Twan6Deuce
CaldTr00,Trey Caldwell,https://www.pro-football-reference.com/players/C/CaldTr00.htm,AyTrey_,https://twitter.com/AyTrey_
CalhSh00,Shilique Calhoun,https://www.pro-football-reference.com/players/C/CalhSh00.htm,Shilique89,https://twitter.com/Shilique89
CampMi02,Michael Campanaro,https://www.pro-football-reference.com/players/C/CampMi02.htm,MikeCamp_12,https://twitter.com/MikeCamp_12
CampCa99,Calais Campbell,https://www.pro-football-reference.com/players/C/CampCa99.htm,Campbell93,https://twitter.com/Campbell93
CampCa00,Caleb Campbell,https://www.pro-football-reference.com/players/C/CampCa00.htm,caleb_campbell,https://twitter.com/caleb_campbell
CampDe00,De'Vondre Campbell,https://www.pro-football-reference.com/players/C/CampDe00.htm,Came_Along_Way,https://twitter.com/Came_Along_Way
CampIb00,Ibraheim Campbell,https://www.pro-football-reference.com/players/C/CampIb00.htm,OOIbro,https://twitter.com/OOIbro
CampLa20,Lamar Campbell,https://www.pro-football-reference.com/players/C/CampLa20.htm,LifeAfterTGame,https://twitter.com/LifeAfterTGame
CampPa00,Parris Campbell,https://www.pro-football-reference.com/players/C/CampPa00.htm,PCampbell21,https://twitter.com/PCampbell21
CanaMa00,Maurice Canady,https://www.pro-football-reference.com/players/C/CanaMa00.htm,MauriceCanady26,https://twitter.com/MauriceCanady26
CannA.00,A.J. Cann,https://www.pro-football-reference.com/players/C/CannA.00.htm,,https://twitter.com/
CannMa00,Marcus Cannon,https://www.pro-football-reference.com/players/C/CannMa00.htm,,https://twitter.com/
CantCh20,Chris Canty,https://www.pro-football-reference.com/players/C/CantCh20.htm,ChrisCanty99,https://twitter.com/ChrisCanty99
CardTa00,Tank Carder,https://www.pro-football-reference.com/players/C/CardTa00.htm,tankcarder,https://twitter.com/tankcarder
CardJo00,Joe Cardona,https://www.pro-football-reference.com/players/C/CardJo00.htm,,https://twitter.com/
CareDo00,Don Carey,https://www.pro-football-reference.com/players/C/CareDo00.htm,DonCarey,https://twitter.com/DonCarey
CareKa00,Ka'Deem Carey,https://www.pro-football-reference.com/players/C/CareKa00.htm,Kcarey25,https://twitter.com/Kcarey25
CarpJa00,James Carpenter,https://www.pro-football-reference.com/players/C/CarpJa00.htm,JEcarpenter77,https://twitter.com/JEcarpenter77
CarrBr99,Brandon Carr,https://www.pro-football-reference.com/players/C/CarrBr99.htm,BCarr39,https://twitter.com/BCarr39
CarrDa00,David Carr,https://www.pro-football-reference.com/players/C/CarrDa00.htm,DCarr8,https://twitter.com/DCarr8
CarrDe02,Derek Carr,https://www.pro-football-reference.com/players/C/CarrDe02.htm,derekcarrqb,https://twitter.com/derekcarrqb
CarrTr00,T.J. Carrie,https://www.pro-football-reference.com/players/C/CarrTr00.htm,tj_carrie,https://twitter.com/tj_carrie
CarrAd99,Adam Carriker,https://www.pro-football-reference.com/players/C/CarrAd99.htm,AdamCarriker94,https://twitter.com/AdamCarriker94
CarrNo00,Nolan Carroll,https://www.pro-football-reference.com/players/C/CarrNo00.htm,CarrollCity,https://twitter.com/CarrollCity
CarrPe0c,Pete Carroll,https://www.pro-football-reference.com/players/C/CarrPe0c.htm,PeteCarroll,https://twitter.com/PeteCarroll
CarrLe00,Leonte Carroo,https://www.pro-football-reference.com/players/C/CarrLe00.htm,LeonteCarroo1,https://twitter.com/LeonteCarroo1
CartAl01,Alex Carter,https://www.pro-football-reference.com/players/C/CartAl01.htm,AlexCarter,https://twitter.com/AlexCarter
CartAn20,Andre Carter,https://www.pro-football-reference.com/players/C/CartAn20.htm,mr_carter93,https://twitter.com/mr_carter93
CartTo99,Tony Carter,https://www.pro-football-reference.com/players/C/CartTo99.htm,tonycarter904,https://twitter.com/tonycarter904
CartRo01,Rock Cartwright,https://www.pro-football-reference.com/players/C/CartRo01.htm,Rockgotti25,https://twitter.com/Rockgotti25
CaseJa00,James Casey,https://www.pro-football-reference.com/players/C/CaseJa00.htm,jamescasey85,https://twitter.com/jamescasey85
CaseJu00,Jurrell Casey,https://www.pro-football-reference.com/players/C/CaseJu00.htm,Jurrellc,https://twitter.com/Jurrellc
CastSi20,Simeon Castille,https://www.pro-football-reference.com/players/C/CastSi20.htm,simeoncastille,https://twitter.com/simeoncastille
CastLu20,Luis Castillo,https://www.pro-football-reference.com/players/C/CastLu20.htm,LuisCastillo93,https://twitter.com/LuisCastillo93
CastAn00,Anthony Castonzo,https://www.pro-football-reference.com/players/C/CastAn00.htm,AnthonyCastonzo,https://twitter.com/AnthonyCastonzo
CaulJe00,Jehuu Caulcrick,https://www.pro-football-reference.com/players/C/CaulJe00.htm,JehuuCaulcrick,https://twitter.com/JehuuCaulcrick
CausMi00,Mike Caussin,https://www.pro-football-reference.com/players/C/CausMi00.htm,MCAUSSIN80,https://twitter.com/MCAUSSIN80
CeleBr00,Brent Celek,https://www.pro-football-reference.com/players/C/CeleBr00.htm,BrentCelek,https://twitter.com/BrentCelek
ChacAn00,Andre Chachere,https://www.pro-football-reference.com/players/C/ChacAn00.htm,AndreChachere,https://twitter.com/AndreChachere
ChamBy00,Byron Chamberlain,https://www.pro-football-reference.com/players/C/ChamBy00.htm,bc_chamberlain,https://twitter.com/bc_chamberlain
ChamCh99,Chris Chamberlain,https://www.pro-football-reference.com/players/C/ChamCh99.htm,Chambo57,https://twitter.com/Chambo57
ChanKa99,Kam Chancellor,https://www.pro-football-reference.com/players/C/ChanKa99.htm,Kam_Chancellor,https://twitter.com/Kam_Chancellor
ChanJa98,Jamar Chaney,https://www.pro-football-reference.com/players/C/ChanJa98.htm,Jamar51Chaney,https://twitter.com/Jamar51Chaney
CharJa00,Jamaal Charles,https://www.pro-football-reference.com/players/C/CharJa00.htm,jcharles25,https://twitter.com/jcharles25
ChekCh00,Chimdi Chekwa,https://www.pro-football-reference.com/players/C/ChekCh00.htm,ChimChek,https://twitter.com/ChimChek
ChiaDa00,Darrin Chiaverini,https://www.pro-football-reference.com/players/C/ChiaDa00.htm,CoachChev6,https://twitter.com/CoachChev6
ChicAn00,Anthony Chickillo,https://www.pro-football-reference.com/players/C/ChicAn00.htm,Chickillo56,https://twitter.com/Chickillo56
ChoiTa00,Tashard Choice,https://www.pro-football-reference.com/players/C/ChoiTa00.htm,tchoice23,https://twitter.com/tchoice23
ChriGe00,Gerald Christian,https://www.pro-football-reference.com/players/C/ChriGe00.htm,hungry4gr8tness,https://twitter.com/hungry4gr8tness
ChunPa99,Patrick Chung,https://www.pro-football-reference.com/players/C/ChunPa99.htm,PatrickChung23,https://twitter.com/PatrickChung23
ChurBa99,Barry Church,https://www.pro-football-reference.com/players/C/ChurBa99.htm,BarryChurch42,https://twitter.com/BarryChurch42
CindRa20,Ralph Cindrich,https://www.pro-football-reference.com/players/C/CindRa20.htm,RalphCindrich,https://twitter.com/RalphCindrich
CladRy20,Ryan Clady,https://www.pro-football-reference.com/players/C/CladRy20.htm,RyanClady,https://twitter.com/RyanClady
ClaiMo00,Morris Claiborne,https://www.pro-football-reference.com/players/C/ClaiMo00.htm,MoClaiborne,https://twitter.com/MoClaiborne
ClarDe00,Desmond Clark,https://www.pro-football-reference.com/players/C/ClarDe00.htm,dclarkonelife88,https://twitter.com/dclarkonelife88
ClarDo00,Donavon Clark,https://www.pro-football-reference.com/players/C/ClarDo00.htm,donavon76,https://twitter.com/donavon76
ClarFr01,Frank Clark,https://www.pro-football-reference.com/players/C/ClarFr01.htm,TheRealFrankC_,https://twitter.com/TheRealFrankC_
ClarKe01,Kenny Clark,https://www.pro-football-reference.com/players/C/ClarKe01.htm,KCBoutThatLife,https://twitter.com/KCBoutThatLife
ClarRy20,Ryan Clark,https://www.pro-football-reference.com/players/C/ClarRy20.htm,RealRClark25,https://twitter.com/RealRClark25
ClarWi00,Will Clarke,https://www.pro-football-reference.com/players/C/ClarWi00.htm,W_Clarke98,https://twitter.com/W_Clarke98
ClauJi00,Jimmy Clausen,https://www.pro-football-reference.com/players/C/ClauJi00.htm,JimmyClausen,https://twitter.com/JimmyClausen
ClayCh00,Charles Clay,https://www.pro-football-reference.com/players/C/ClayCh00.htm,C42Clay,https://twitter.com/C42Clay
ClayCu00,Curtis Clay,https://www.pro-football-reference.com/players/C/ClayCu00.htm,CClay2,https://twitter.com/CClay2
ClayKa00,Kaelin Clay,https://www.pro-football-reference.com/players/C/ClayKa00.htm,CALiboy4,https://twitter.com/CALiboy4
ClayAd00,Adrian Clayborn,https://www.pro-football-reference.com/players/C/ClayAd00.htm,AJaClay,https://twitter.com/AJaClay
ClayKe99,Keenan Clayton,https://www.pro-football-reference.com/players/C/ClayKe99.htm,Keenanclayton57,https://twitter.com/Keenanclayton57
ClayMa01,Mark Clayton,https://www.pro-football-reference.com/players/C/ClayMa01.htm,immarkclayton,https://twitter.com/immarkclayton
ClayMi00,Michael Clayton,https://www.pro-football-reference.com/players/C/ClayMi00.htm,MClayton83NYG,https://twitter.com/MClayton83NYG
ClayZa00,Zach Clayton,https://www.pro-football-reference.com/players/C/ClayZa00.htm,ZAClayton,https://twitter.com/ZAClayton
ClemNa99,Nate Clements,https://www.pro-football-reference.com/players/C/ClemNa99.htm,NateClements,https://twitter.com/NateClements
ClemT.00,T.J. Clemmings,https://www.pro-football-reference.com/players/C/ClemT.00.htm,TAClemmings_90,https://twitter.com/TAClemmings_90
ClinHa00,Ha Ha Clinton-Dix,https://www.pro-football-reference.com/players/C/ClinHa00.htm,haha_cd6,https://twitter.com/haha_cd6
ClowDa00,David Clowney,https://www.pro-football-reference.com/players/C/ClowDa00.htm,DavidClowney,https://twitter.com/DavidClowney
ClowJa00,Jadeveon Clowney,https://www.pro-football-reference.com/players/C/ClowJa00.htm,clownejd,https://twitter.com/clownejd
CoatSa00,Sammie Coates,https://www.pro-football-reference.com/players/C/CoatSa00.htm,sammiecoates11,https://twitter.com/sammiecoates11
CobbDa00,David Cobb,https://www.pro-football-reference.com/players/C/CobbDa00.htm,DCobb27,https://twitter.com/DCobb27
CobbRa00,Randall Cobb,https://www.pro-football-reference.com/players/C/CobbRa00.htm,rcobb18,https://twitter.com/rcobb18
CodySh20,Shaun Cody,https://www.pro-football-reference.com/players/C/CodySh20.htm,ShaunCody95,https://twitter.com/ShaunCody95
CodyTe99,Terrence Cody,https://www.pro-football-reference.com/players/C/CodyTe99.htm,TerrenceCody,https://twitter.com/TerrenceCody
CoexMi99,Michael Coe,https://www.pro-football-reference.com/players/C/CoexMi99.htm,_COESIGN,https://twitter.com/_COESIGN
ColbKe00,Keary Colbert,https://www.pro-football-reference.com/players/C/ColbKe00.htm,kearycolbert,https://twitter.com/kearycolbert
ColeCo20,Colin Cole,https://www.pro-football-reference.com/players/C/ColeCo20.htm,ColinCole91,https://twitter.com/ColinCole91
ColeMa01,Marquice Cole,https://www.pro-football-reference.com/players/C/ColeMa01.htm,quice,https://twitter.com/quice
ColeTr20,Trent Cole,https://www.pro-football-reference.com/players/C/ColeTr20.htm,Pro_Hunt58,https://twitter.com/Pro_Hunt58
ColeCo00,Corey Coleman,https://www.pro-football-reference.com/players/C/ColeCo00.htm,TheCoreyColeman,https://twitter.com/TheCoreyColeman
ColeEr21,Erik Coleman,https://www.pro-football-reference.com/players/C/ColeEr21.htm,erikcoleman,https://twitter.com/erikcoleman
ColeKu99,Kurt Coleman,https://www.pro-football-reference.com/players/C/ColeKu99.htm,k4coleman,https://twitter.com/k4coleman
ColeSh00,Shon Coleman,https://www.pro-football-reference.com/players/C/ColeSh00.htm,TheRealBigShon,https://twitter.com/TheRealBigShon
ColeTe01,Tevin Coleman,https://www.pro-football-reference.com/players/C/ColeTe01.htm,Teco_Raww,https://twitter.com/Teco_Raww
CollDa20,Daryn Colledge,https://www.pro-football-reference.com/players/C/CollDa20.htm,DarynColledge,https://twitter.com/DarynColledge
CollAl00,Alex Collins,https://www.pro-football-reference.com/players/C/CollAl00.htm,Budda03,https://twitter.com/Budda03
CollJa02,Jalen Collins,https://www.pro-football-reference.com/players/C/CollJa02.htm,JayCar_11,https://twitter.com/JayCar_11
CollJe01,Jed Collins,https://www.pro-football-reference.com/players/C/CollJe01.htm,JedCollins45,https://twitter.com/JedCollins45
CollLa00,Landon Collins,https://www.pro-football-reference.com/players/C/CollLa00.htm,TheHumble_21,https://twitter.com/TheHumble_21
CollMa00,Maliek Collins,https://www.pro-football-reference.com/players/C/CollMa00.htm,SavageSevv,https://twitter.com/SavageSevv
CollNa20,Nate Collins,https://www.pro-football-reference.com/players/C/CollNa20.htm,BIGN98,https://twitter.com/BIGN98
CollNi20,Nick Collins,https://www.pro-football-reference.com/players/C/CollNi20.htm,nickdapick36,https://twitter.com/nickdapick36
ColoMa20,Marc Colombo,https://www.pro-football-reference.com/players/C/ColoMa20.htm,marccolombo,https://twitter.com/marccolombo
ColoWi20,Willie Colon,https://www.pro-football-reference.com/players/C/ColoWi20.htm,willcolon66,https://twitter.com/willcolon66
ColvAa00,Aaron Colvin,https://www.pro-football-reference.com/players/C/ColvAa00.htm,AColvin_22,https://twitter.com/AColvin_22
ConeKe00,Kevin Cone,https://www.pro-football-reference.com/players/C/ConeKe00.htm,KCone12,https://twitter.com/KCone12
ConkJa00,Jack Conklin,https://www.pro-football-reference.com/players/C/ConkJa00.htm,Jack_Conklin78,https://twitter.com/Jack_Conklin78
ConlCh00,Chris Conley,https://www.pro-football-reference.com/players/C/ConlCh00.htm,_flight17_,https://twitter.com/_flight17_
ConnJo00,John Conner,https://www.pro-football-reference.com/players/C/ConnJo00.htm,JCONNER38,https://twitter.com/JCONNER38
CookCh99,Chris Cook,https://www.pro-football-reference.com/players/C/CookCh99.htm,ChrisCook_22,https://twitter.com/ChrisCook_22
CookCo00,Connor Cook,https://www.pro-football-reference.com/players/C/CookCo00.htm,Connor_Cook03,https://twitter.com/Connor_Cook03
CookEm99,Emanuel Cook,https://www.pro-football-reference.com/players/C/CookEm99.htm,emanuelcook26,https://twitter.com/emanuelcook26
CookJa02,Jared Cook,https://www.pro-football-reference.com/players/C/CookJa02.htm,JaredCook89,https://twitter.com/JaredCook89
CookBr00,Brandin Cooks,https://www.pro-football-reference.com/players/C/CookBr00.htm,brandincooks,https://twitter.com/brandincooks
CoolCh00,Chris Cooley,https://www.pro-football-reference.com/players/C/CoolCh00.htm,thecooleyzone,https://twitter.com/thecooleyzone
CoopAm00,Amari Cooper,https://www.pro-football-reference.com/players/C/CoopAm00.htm,AmariCooper9,https://twitter.com/AmariCooper9
CoopFa00,Fahn Cooper,https://www.pro-football-reference.com/players/C/CoopFa00.htm,Play4Keeps74,https://twitter.com/Play4Keeps74
CoopJo21,Jon Cooper,https://www.pro-football-reference.com/players/C/CoopJo21.htm,Jcoop50,https://twitter.com/Jcoop50
CoopJo01,Jonathan Cooper,https://www.pro-football-reference.com/players/C/CoopJo01.htm,TheUnderDog_64,https://twitter.com/TheUnderDog_64
CoopPh00,Pharoh Cooper,https://www.pro-football-reference.com/players/C/CoopPh00.htm,KingTutt_chdown,https://twitter.com/KingTutt_chdown
CoopRi00,Riley Cooper,https://www.pro-football-reference.com/players/C/CoopRi00.htm,RileyCooper_14,https://twitter.com/RileyCooper_14
CoopXa00,Xavier Cooper,https://www.pro-football-reference.com/players/C/CoopXa00.htm,XavierCooper_96,https://twitter.com/XavierCooper_96
CordJi00,Jim Cordle,https://www.pro-football-reference.com/players/C/CordJi00.htm,JimCordle63,https://twitter.com/JimCordle63
CoreCo00,Cody Core,https://www.pro-football-reference.com/players/C/CoreCo00.htm,Cody16Core,https://twitter.com/Cody16Core
CorlDo00,Donnie Corley,https://www.pro-football-reference.com/players/C/CorlDo00.htm,Hit_Squad9,https://twitter.com/Hit_Squad9
CornRe99,Reggie Corner,https://www.pro-football-reference.com/players/C/CornRe99.htm,reggiecorner27,https://twitter.com/reggiecorner27
CosbQu00,Quan Cosby,https://www.pro-football-reference.com/players/C/CosbQu00.htm,QCosby17,https://twitter.com/QCosby17
CostBl20,Blake Costanzo,https://www.pro-football-reference.com/players/C/CostBl20.htm,,https://twitter.com/
CotcJe00,Jerricho Cotchery,https://www.pro-football-reference.com/players/C/CotcJe00.htm,cotcheryfoundat,https://twitter.com/cotcheryfoundat
CounBl00,Blake Countess,https://www.pro-football-reference.com/players/C/CounBl00.htm,TheeCount2,https://twitter.com/TheeCount2
CoviCh00,Christian Covington,https://www.pro-football-reference.com/players/C/CoviCh00.htm,thetangibleC4,https://twitter.com/thetangibleC4
CowsJa00,James Cowser,https://www.pro-football-reference.com/players/C/CowsJa00.htm,cowstown,https://twitter.com/cowstown
CoxxFl00,Fletcher Cox,https://www.pro-football-reference.com/players/C/CoxxFl00.htm,fcoxx_91,https://twitter.com/fcoxx_91
CoxxKe20,Kennard Cox,https://www.pro-football-reference.com/players/C/CoxxKe20.htm,MrNo_Pressure,https://twitter.com/MrNo_Pressure
CoxxMo00,Morgan Cox,https://www.pro-football-reference.com/players/C/CoxxMo00.htm,morgancox46,https://twitter.com/morgancox46
CoxxPe99,Perrish Cox,https://www.pro-football-reference.com/players/C/CoxxPe99.htm,pcox16,https://twitter.com/pcox16
CrabMi00,Michael Crabtree,https://www.pro-football-reference.com/players/C/CrabMi00.htm,KingCrab15,https://twitter.com/KingCrab15
CrabTo00,Tom Crabtree,https://www.pro-football-reference.com/players/C/CrabTo00.htm,itsCrab,https://twitter.com/itsCrab
CravSu00,Su'a Cravens,https://www.pro-football-reference.com/players/C/CravSu00.htm,Sua_Cravens,https://twitter.com/Sua_Cravens
CribJo01,Josh Cribbs,https://www.pro-football-reference.com/players/C/CribJo01.htm,JoshCribbs16,https://twitter.com/JoshCribbs16
CricSc00,Scott Crichton,https://www.pro-football-reference.com/players/C/CricSc00.htm,Crichton253,https://twitter.com/Crichton253
CromAn20,Antonio Cromartie,https://www.pro-football-reference.com/players/C/CromAn20.htm,CRO31,https://twitter.com/CRO31
CrosRa00,Randy Cross,https://www.pro-football-reference.com/players/C/CrosRa00.htm,randycrossFB,https://twitter.com/randycrossFB
CrowJa00,Jamison Crowder,https://www.pro-football-reference.com/players/C/CrowJa00.htm,,https://twitter.com/
CrumCa00,Carlester Crumpler,https://www.pro-football-reference.com/players/C/CrumCa00.htm,carlester,https://twitter.com/carlester
CruzVi00,Victor Cruz,https://www.pro-football-reference.com/players/C/CruzVi00.htm,TeamVic,https://twitter.com/TeamVic
CullCh00,Chris Culliver,https://www.pro-football-reference.com/players/C/CullCh00.htm,Cullyinthehouse,https://twitter.com/Cullyinthehouse
CunnJe99,Jermaine Cunningham,https://www.pro-football-reference.com/players/C/CunnJe99.htm,Ble88edGator,https://twitter.com/Ble88edGator
CurrRe99,Rennie Curran,https://www.pro-football-reference.com/players/C/CurrRe99.htm,RennieCurran53,https://twitter.com/RennieCurran53
CurrAa99,Aaron Curry,https://www.pro-football-reference.com/players/C/CurrAa99.htm,AaronCurry51,https://twitter.com/AaronCurry51
CurrDo00,Dominique Curry,https://www.pro-football-reference.com/players/C/CurrDo00.htm,DomCurry_18,https://twitter.com/DomCurry_18
CurrVi00,Vinny Curry,https://www.pro-football-reference.com/players/C/CurrVi00.htm,MrGetFlee99,https://twitter.com/MrGetFlee99
CushBr99,Brian Cushing,https://www.pro-football-reference.com/players/C/CushBr99.htm,briancushing56,https://twitter.com/briancushing56
CutlJa00,Jay Cutler,https://www.pro-football-reference.com/players/C/CutlJa00.htm,JayCutler6,https://twitter.com/JayCutler6
CutrJa00,Jacob Cutrera,https://www.pro-football-reference.com/players/C/CutrJa00.htm,JacobCutrera51,https://twitter.com/JacobCutrera51
DahlCr99,Craig Dahl,https://www.pro-football-reference.com/players/D/DahlCr99.htm,CraigDahl43,https://twitter.com/CraigDahl43
DaltAn00,Andy Dalton,https://www.pro-football-reference.com/players/D/DaltAn00.htm,andydalton14,https://twitter.com/andydalton14
DaniCh00,Chase Daniel,https://www.pro-football-reference.com/players/D/DaniCh00.htm,ChaseDaniel,https://twitter.com/ChaseDaniel
DaniAl00,Alex Daniels,https://www.pro-football-reference.com/players/D/DaniAl00.htm,AlexDaniels4,https://twitter.com/AlexDaniels4
DaniOw00,Owen Daniels,https://www.pro-football-reference.com/players/D/DaniOw00.htm,owendaniels,https://twitter.com/owendaniels
DaniPh20,Phillip Daniels,https://www.pro-football-reference.com/players/D/DaniPh20.htm,PhillipDaniels,https://twitter.com/PhillipDaniels
DaniSt00,Steven Daniels,https://www.pro-football-reference.com/players/D/DaniSt00.htm,StevenD513,https://twitter.com/StevenD513
DaniTr20,Travis Daniels,https://www.pro-football-reference.com/players/D/DaniTr20.htm,T_Daniels34,https://twitter.com/T_Daniels34
DantCa00,Cameron Dantzler,https://www.pro-football-reference.com/players/D/DantCa00.htm,camdantzler3,https://twitter.com/camdantzler3
DarbRo00,Ronald Darby,https://www.pro-football-reference.com/players/D/DarbRo00.htm,realronalddarby,https://twitter.com/realronalddarby
DareMa00,Marcell Dareus,https://www.pro-football-reference.com/players/D/DareMa00.htm,marcelldareus,https://twitter.com/marcelldareus
DarrCh00,Christian Darrisaw,https://www.pro-football-reference.com/players/D/DarrCh00.htm,Bigdawgchris1,https://twitter.com/Bigdawgchris1
DaviJa20,Jason David,https://www.pro-football-reference.com/players/D/DaviJa20.htm,JASonAWD,https://twitter.com/JASonAWD
DaviQu00,Quentin Davie,https://www.pro-football-reference.com/players/D/DaviQu00.htm,,https://twitter.com/
DaviAn27,Anthony Davis,https://www.pro-football-reference.com/players/D/DaviAn27.htm,BamDavis_,https://twitter.com/BamDavis_
DaviGe00,Geremy Davis,https://www.pro-football-reference.com/players/D/DaviGe00.htm,gday85,https://twitter.com/gday85
DaviHa21,Hall Davis,https://www.pro-football-reference.com/players/D/DaviHa21.htm,halldavis72,https://twitter.com/halldavis72
DaviJa03,James Davis,https://www.pro-football-reference.com/players/D/DaviJa03.htm,Only1JamesDavis,https://twitter.com/Only1JamesDavis
DaviJa11,Jamin Davis,https://www.pro-football-reference.com/players/D/DaviJa11.htm,jamindavis25,https://twitter.com/jamindavis25
DaviLe21,Leonard Davis,https://www.pro-football-reference.com/players/D/DaviLe21.htm,LeonardDavis70,https://twitter.com/LeonardDavis70
DaviMi01,Mike Davis,https://www.pro-football-reference.com/players/D/DaviMi01.htm,MikeDavisRB,https://twitter.com/MikeDavisRB
DaviRa00,Rashied Davis,https://www.pro-football-reference.com/players/D/DaviRa00.htm,RDavischarities,https://twitter.com/RDavischarities
DaviTe00,Terrell Davis,https://www.pro-football-reference.com/players/D/DaviTe00.htm,Terrell_Davis,https://twitter.com/Terrell_Davis
DaviTh20,Thomas Davis,https://www.pro-football-reference.com/players/D/DaviTh20.htm,ThomasDavisSDTM,https://twitter.com/ThomasDavisSDTM
DaviTr03,Trevor Davis,https://www.pro-football-reference.com/players/D/DaviTr03.htm,Trevor9Davis,https://twitter.com/Trevor9Davis
DaviTy02,Tyler Davis,https://www.pro-football-reference.com/players/D/DaviTy02.htm,Tyler_Davis9,https://twitter.com/Tyler_Davis9
DaviVe00,Vernon Davis,https://www.pro-football-reference.com/players/D/DaviVe00.htm,VernonDavis85,https://twitter.com/VernonDavis85
DaviVo99,Vontae Davis,https://www.pro-football-reference.com/players/D/DaviVo99.htm,vontaedavis,https://twitter.com/vontaedavis
DaviWi02,Will Davis,https://www.pro-football-reference.com/players/D/DaviWi02.htm,WillieD_effect,https://twitter.com/WillieD_effect
DaviWy00,Wyatt Davis,https://www.pro-football-reference.com/players/D/DaviWy00.htm,wyattdavis53,https://twitter.com/wyattdavis53
DaviTy01,Tyeler Davison,https://www.pro-football-reference.com/players/D/DaviTy01.htm,DavisonTyeler,https://twitter.com/DavisonTyeler
DawkBr00,Brian Dawkins,https://www.pro-football-reference.com/players/D/DawkBr00.htm,BrianDawkins,https://twitter.com/BrianDawkins
DawsPa00,Paul Dawson,https://www.pro-football-reference.com/players/D/DawsPa00.htm,PjDawson47,https://twitter.com/PjDawson47
DayxSh00,Sheldon Day,https://www.pro-football-reference.com/players/D/DayxSh00.htm,SheldonDay_91,https://twitter.com/SheldonDay_91
DeLaBr00,Brian De La Puente,https://www.pro-football-reference.com/players/D/DeLaBr00.htm,BriandelaPuente,https://twitter.com/BriandelaPuente
DeadBr99,Brandon Deaderick,https://www.pro-football-reference.com/players/D/DeadBr99.htm,bdeaderick71,https://twitter.com/bdeaderick71
DeboAn00,Andre Debose,https://www.pro-football-reference.com/players/D/DeboAn00.htm,AndreDeBose4,https://twitter.com/AndreDeBose4
DeckEr00,Eric Decker,https://www.pro-football-reference.com/players/D/DeckEr00.htm,EricDecker87,https://twitter.com/EricDecker87
DeCoTh99,Thomas DeCoud,https://www.pro-football-reference.com/players/D/DeCoTh99.htm,TwentyJuan21,https://twitter.com/TwentyJuan21
DeGeCh20,Chris DeGeare,https://www.pro-football-reference.com/players/D/DeGeCh20.htm,ChrisDeGeare,https://twitter.com/ChrisDeGeare
DeguJo00,Josiah Deguara,https://www.pro-football-reference.com/players/D/DeguJo00.htm,JosiahD5,https://twitter.com/JosiahD5
DelmLo99,Louis Delmas,https://www.pro-football-reference.com/players/D/DelmLo99.htm,LouisD_26,https://twitter.com/LouisD_26
DempWi20,Will Demps,https://www.pro-football-reference.com/players/D/DempWi20.htm,,https://twitter.com/
DennAl00,Alfonzo Dennard,https://www.pro-football-reference.com/players/D/DennAl00.htm,FonzieDennard15,https://twitter.com/FonzieDennard15
DennDa00,Darqueze Dennard,https://www.pro-football-reference.com/players/D/DennDa00.htm,DDennard21,https://twitter.com/DDennard21
DentAk00,Akeem Dent,https://www.pro-football-reference.com/players/D/DentAk00.htm,AkeemDent,https://twitter.com/AkeemDent
DerbA.00,A.J. Derby,https://www.pro-football-reference.com/players/D/DerbA.00.htm,AJ_Derby,https://twitter.com/AJ_Derby
DesiPi00,Pierre Desir,https://www.pro-football-reference.com/players/D/DesiPi00.htm,pierre_desir,https://twitter.com/pierre_desir
DeVaKy00,Kyle DeVan,https://www.pro-football-reference.com/players/D/DeVaKy00.htm,KyleDeVan68,https://twitter.com/KyleDeVan68
DeViMi99,Mike DeVito,https://www.pro-football-reference.com/players/D/DeViMi99.htm,MikeDeVito70,https://twitter.com/MikeDeVito70
DiazDa20,David Diaz-Infante,https://www.pro-football-reference.com/players/D/DiazDa20.htm,DDI63,https://twitter.com/DDI63
DickDo00,Dorin Dickerson,https://www.pro-football-reference.com/players/D/DickDo00.htm,scorindorin,https://twitter.com/scorindorin
DickXz00,Xzavier Dickson,https://www.pro-football-reference.com/players/D/DickXz00.htm,young_datruth,https://twitter.com/young_datruth
DiehDa21,David Diehl,https://www.pro-football-reference.com/players/D/DiehDa21.htm,davediehl66,https://twitter.com/davediehl66
DiemRy20,Ryan Diem,https://www.pro-football-reference.com/players/D/DiemRy20.htm,ryandiem,https://twitter.com/ryandiem
DiggQu00,Quandre Diggs,https://www.pro-football-reference.com/players/D/DiggQu00.htm,qdiggs6,https://twitter.com/qdiggs6
DiggSt00,Stefon Diggs,https://www.pro-football-reference.com/players/D/DiggSt00.htm,stefondiggs,https://twitter.com/stefondiggs
DilfTr00,Trent Dilfer,https://www.pro-football-reference.com/players/D/DilfTr00.htm,DilfersDimes,https://twitter.com/DilfersDimes
DillK.00,K.J. Dillon,https://www.pro-football-reference.com/players/D/DillK.00.htm,K_DILLON20,https://twitter.com/K_DILLON20
DiNuBe00,Ben DiNucci,https://www.pro-football-reference.com/players/D/DiNuBe00.htm,B_DiNucci6,https://twitter.com/B_DiNucci6
DixoAh00,Ahmad Dixon,https://www.pro-football-reference.com/players/D/DixoAh00.htm,MrBU_5ix,https://twitter.com/MrBU_5ix
DixoAn00,Anthony Dixon,https://www.pro-football-reference.com/players/D/DixoAn00.htm,Boobie24Dixon,https://twitter.com/Boobie24Dixon
DixoKe00,Kenneth Dixon,https://www.pro-football-reference.com/players/D/DixoKe00.htm,_BONEHEAD_tez_,https://twitter.com/_BONEHEAD_tez_
DixoMa00,Marcus Dixon,https://www.pro-football-reference.com/players/D/DixoMa00.htm,MarcusDixon94,https://twitter.com/MarcusDixon94
DixoRi00,Riley Dixon,https://www.pro-football-reference.com/players/D/DixoRi00.htm,RileyTDixon92,https://twitter.com/RileyTDixon92
DockKe20,Kevin Dockery,https://www.pro-football-reference.com/players/D/DockKe20.htm,kdockery35,https://twitter.com/kdockery35
DockDa20,Darnell Dockett,https://www.pro-football-reference.com/players/D/DockDa20.htm,ddockett,https://twitter.com/ddockett
DoctJo00,Josh Doctson,https://www.pro-football-reference.com/players/D/DoctJo00.htm,JDoc_son,https://twitter.com/JDoc_son
DoddKe00,Kevin Dodd,https://www.pro-football-reference.com/players/D/DoddKe00.htm,kdodd98,https://twitter.com/kdodd98
DombBr20,Brandyn Dombrowski,https://www.pro-football-reference.com/players/D/DombBr20.htm,,https://twitter.com/
DonaAa00,Aaron Donald,https://www.pro-football-reference.com/players/D/DonaAa00.htm,AaronDonald97,https://twitter.com/AaronDonald97
DonnAn00,Andrew Donnal,https://www.pro-football-reference.com/players/D/DonnAn00.htm,AndrewDonnal,https://twitter.com/AndrewDonnal
DoreJo20,Jon Dorenbos,https://www.pro-football-reference.com/players/D/DoreJo20.htm,JonDorenbos,https://twitter.com/JonDorenbos
DorsPh00,Phillip Dorsett,https://www.pro-football-reference.com/players/D/DorsPh00.htm,Dorsett_4,https://twitter.com/Dorsett_4
DorsGl99,Glenn Dorsey,https://www.pro-football-reference.com/players/D/DorsGl99.htm,GlennDorsey72,https://twitter.com/GlennDorsey72
DossLo00,Lorenzo Doss,https://www.pro-football-reference.com/players/D/DossLo00.htm,Lorenzo_Doss,https://twitter.com/Lorenzo_Doss
DossTa00,Tandon Doss,https://www.pro-football-reference.com/players/D/DossTa00.htm,,https://twitter.com/
DougBr00,Brandon Doughty,https://www.pro-football-reference.com/players/D/DougBr00.htm,brandondoughty,https://twitter.com/brandondoughty
DougRe20,Reed Doughty,https://www.pro-football-reference.com/players/D/DougRe20.htm,doughty37,https://twitter.com/doughty37
DougDo20,Dominic Douglas,https://www.pro-football-reference.com/players/D/DougDo20.htm,THE_KID1914,https://twitter.com/THE_KID1914
DougHa00,Harry Douglas,https://www.pro-football-reference.com/players/D/DougHa00.htm,HDouglas83,https://twitter.com/HDouglas83
DougHu00,Hugh Douglas,https://www.pro-football-reference.com/players/D/DougHu00.htm,Bighugh53,https://twitter.com/Bighugh53
DougJa00,Jamil Douglas,https://www.pro-football-reference.com/players/D/DougJa00.htm,JamilDouglas_,https://twitter.com/JamilDouglas_
DouzLe00,Leger Douzable,https://www.pro-football-reference.com/players/D/DouzLe00.htm,LegerDouzable,https://twitter.com/LegerDouzable
DowlJo00,Jonathan Dowling,https://www.pro-football-reference.com/players/D/DowlJo00.htm,TeamJDOWL,https://twitter.com/TeamJDOWL
DowlRa00,Ras-I Dowling,https://www.pro-football-reference.com/players/D/DowlRa00.htm,RasIDowling,https://twitter.com/RasIDowling
DoylJa00,Jack Doyle,https://www.pro-football-reference.com/players/D/DoylJa00.htm,doylejack84,https://twitter.com/doylejack84
DoziDa00,Dakota Dozier,https://www.pro-football-reference.com/players/D/DoziDa00.htm,BullDozier78,https://twitter.com/BullDozier78
DrakKe00,Kenyan Drake,https://www.pro-football-reference.com/players/D/DrakKe00.htm,KDx32,https://twitter.com/KDx32
DranSp00,Spencer Drango,https://www.pro-football-reference.com/players/D/DranSp00.htm,Drango58,https://twitter.com/Drango58
DrisJe00,Jeff Driskel,https://www.pro-football-reference.com/players/D/DrisJe00.htm,jeffdriskel,https://twitter.com/jeffdriskel
DrivDo00,Donald Driver,https://www.pro-football-reference.com/players/D/DrivDo00.htm,Donald_Driver80,https://twitter.com/Donald_Driver80
DuarTh00,Thomas Duarte,https://www.pro-football-reference.com/players/D/DuarTh00.htm,thomas_duarte18,https://twitter.com/thomas_duarte18
DukeJa20,Jamie Dukes,https://www.pro-football-reference.com/players/D/DukeJa20.htm,jamiedukes,https://twitter.com/jamiedukes
DuliAs00,Ashton Dulin,https://www.pro-football-reference.com/players/D/DuliAs00.htm,AshtonDulin,https://twitter.com/AshtonDulin
DumeEl20,Elvis Dumervil,https://www.pro-football-reference.com/players/D/DumeEl20.htm,EKD92,https://twitter.com/EKD92
DunbJo20,Jo-Lonn Dunbar,https://www.pro-football-reference.com/players/D/DunbJo20.htm,JolonnDunbar,https://twitter.com/JolonnDunbar
DungTo20,Tony Dungy,https://www.pro-football-reference.com/players/D/DungTo20.htm,TonyDungy,https://twitter.com/TonyDungy
DunnWa00,Warrick Dunn,https://www.pro-football-reference.com/players/D/DunnWa00.htm,WarrickDunn,https://twitter.com/WarrickDunn
DuprAl00,Bud Dupree,https://www.pro-football-reference.com/players/D/DuprAl00.htm,Bud_Dupree,https://twitter.com/Bud_Dupree
DuraJu99,Justin Durant,https://www.pro-football-reference.com/players/D/DuraJu99.htm,JDurant52,https://twitter.com/JDurant52
DurhKr00,Kris Durham,https://www.pro-football-reference.com/players/D/DurhKr00.htm,KrisDurham16,https://twitter.com/KrisDurham16
DuveDe00,Devin Duvernay,https://www.pro-football-reference.com/players/D/DuveDe00.htm,Dev_Duv5,https://twitter.com/Dev_Duv5
DwyeJo00,Jonathan Dwyer,https://www.pro-football-reference.com/players/D/DwyeJo00.htm,,https://twitter.com/
EalyKo00,Kony Ealy,https://www.pro-football-reference.com/players/E/EalyKo00.htm,KonyEaly94,https://twitter.com/KonyEaly94
EaslDo00,Dominique Easley,https://www.pro-football-reference.com/players/E/EaslDo00.htm,DominiqueEasley,https://twitter.com/DominiqueEasley
EasoBo20,Bo Eason,https://www.pro-football-reference.com/players/E/EasoBo20.htm,Runt21,https://twitter.com/Runt21
EasoJa00,Jacob Eason,https://www.pro-football-reference.com/players/E/EasoJa00.htm,skinnyqb10,https://twitter.com/skinnyqb10
EbroEr00,Eric Ebron,https://www.pro-football-reference.com/players/E/EbroEr00.htm,Ebron85,https://twitter.com/Ebron85
EdelJu00,Julian Edelman,https://www.pro-football-reference.com/players/E/EdelJu00.htm,Edelman11,https://twitter.com/Edelman11
EdwaAr00,Armanti Edwards,https://www.pro-football-reference.com/players/E/EdwaAr00.htm,ArmantiEdwards,https://twitter.com/ArmantiEdwards
EdwaBr00,Braylon Edwards,https://www.pro-football-reference.com/players/E/EdwaBr00.htm,OfficialBraylon,https://twitter.com/OfficialBraylon
EdwaHe20,Herm Edwards,https://www.pro-football-reference.com/players/E/EdwaHe20.htm,HermEdwardsESPN,https://twitter.com/HermEdwardsESPN
EdwaLa01,Lac Edwards,https://www.pro-football-reference.com/players/E/EdwaLa01.htm,Lach_Edwards49,https://twitter.com/Lach_Edwards49
EdwaMa01,Mario Edwards,https://www.pro-football-reference.com/players/E/EdwaMa01.htm,RioBoi_17,https://twitter.com/RioBoi_17
EdwaRa21,Ray Edwards,https://www.pro-football-reference.com/players/E/EdwaRa21.htm,Ray_Edwards,https://twitter.com/Ray_Edwards
EhinPa00,Parker Ehinger,https://www.pro-football-reference.com/players/E/EhinPa00.htm,Big_Park79,https://twitter.com/Big_Park79
EifeTy00,Tyler Eifert,https://www.pro-football-reference.com/players/E/EifeTy00.htm,EiferTy85,https://twitter.com/EiferTy85
EkejIs20,Isaiah Ekejiuba,https://www.pro-football-reference.com/players/E/EkejIs20.htm,Ekejiuba50,https://twitter.com/Ekejiuba50
EkprIf00,Ifo Ekpre-Olomu,https://www.pro-football-reference.com/players/E/EkprIf00.htm,ifo14,https://twitter.com/ifo14
ElamAb20,Abram Elam,https://www.pro-football-reference.com/players/E/ElamAb20.htm,abeelam,https://twitter.com/abeelam
ElamMa00,Matt Elam,https://www.pro-football-reference.com/players/E/ElamMa00.htm,ElamVsElo,https://twitter.com/ElamVsElo
ElliBr00,Bruce Ellington,https://www.pro-football-reference.com/players/E/ElliBr00.htm,,https://twitter.com/
ElliEz00,Ezekiel Elliott,https://www.pro-football-reference.com/players/E/ElliEz00.htm,EzekielElliott,https://twitter.com/EzekielElliott
ElliJo02,Jordan Elliott,https://www.pro-football-reference.com/players/E/ElliJo02.htm,BIGJ5K,https://twitter.com/BIGJ5K
ElliKe01,Kenrick Ellis,https://www.pro-football-reference.com/players/E/ElliKe01.htm,KenrickEllis,https://twitter.com/KenrickEllis
ElliSe99,Sedrick Ellis,https://www.pro-football-reference.com/players/E/ElliSe99.htm,SedrickEllis1,https://twitter.com/SedrickEllis1
ElwaJo00,John Elway,https://www.pro-football-reference.com/players/E/ElwaJo00.htm,johnelway,https://twitter.com/johnelway
EmanKy00,Kyle Emanuel,https://www.pro-football-reference.com/players/E/EmanKy00.htm,KyleEmanuel51,https://twitter.com/KyleEmanuel51
EmmoCa20,Carlos Emmons,https://www.pro-football-reference.com/players/E/EmmoCa20.htm,CarlosEmmons,https://twitter.com/CarlosEmmons
EnglLa99,Larry English,https://www.pro-football-reference.com/players/E/EnglLa99.htm,LarryEnglish57,https://twitter.com/LarryEnglish57
EnunQu00,Quincy Enunwa,https://www.pro-football-reference.com/players/E/EnunQu00.htm,QuincyEnunwa,https://twitter.com/QuincyEnunwa
ErviTy00,Tyler Ervin,https://www.pro-football-reference.com/players/E/ErviTy00.htm,tylerervin_,https://twitter.com/tylerervin_
ErviCa00,Cameron Erving,https://www.pro-football-reference.com/players/E/ErviCa00.htm,BigErv_75,https://twitter.com/BigErv_75
EsiaBo00,Boomer Esiason,https://www.pro-football-reference.com/players/E/EsiaBo00.htm,7BOOMERESIASON,https://twitter.com/7BOOMERESIASON
EsseTr20,Trai Essex,https://www.pro-football-reference.com/players/E/EsseTr20.htm,TraiDay79,https://twitter.com/TraiDay79
EtheZa00,Zac Etheridge,https://www.pro-football-reference.com/players/E/EtheZa00.htm,ZacEtheridge4,https://twitter.com/ZacEtheridge4
EvanDa02,Darrynton Evans,https://www.pro-football-reference.com/players/E/EvanDa02.htm,ItzLiveee,https://twitter.com/ItzLiveee
EvanFr21,Fred Evans,https://www.pro-football-reference.com/players/E/EvanFr21.htm,BoogieMan90,https://twitter.com/BoogieMan90
EvanHe00,Heath Evans,https://www.pro-football-reference.com/players/E/EvanHe00.htm,HeathEvans,https://twitter.com/HeathEvans
EvanJa21,Jahri Evans,https://www.pro-football-reference.com/players/E/EvanJa21.htm,J_7TRE_E,https://twitter.com/J_7TRE_E
EvanLe00,Lee Evans,https://www.pro-football-reference.com/players/E/EvanLe00.htm,leeevans83,https://twitter.com/leeevans83
EvanMi00,Mike Evans,https://www.pro-football-reference.com/players/E/EvanMi00.htm,MikeEvans13_,https://twitter.com/MikeEvans13_
EvanRa00,Randall Evans,https://www.pro-football-reference.com/players/E/EvanRa00.htm,Randawg_LIVE15,https://twitter.com/Randawg_LIVE15
EvanSh00,Shaquelle Evans,https://www.pro-football-reference.com/players/E/EvanSh00.htm,SbsonDeck,https://twitter.com/SbsonDeck
EwinBr00,Bradie Ewing,https://www.pro-football-reference.com/players/E/EwinBr00.htm,bewing34,https://twitter.com/bewing34
ExumAn00,Antone Exum,https://www.pro-football-reference.com/players/E/ExumAn00.htm,tony_amarachi,https://twitter.com/tony_amarachi
FabuTa00,Tayo Fabuluje,https://www.pro-football-reference.com/players/F/FabuTa00.htm,T_Fab81,https://twitter.com/T_Fab81
FairNi00,Nick Fairley,https://www.pro-football-reference.com/players/F/FairNi00.htm,Nick_Fairley251,https://twitter.com/Nick_Fairley251
FaleDa00,David Fales,https://www.pro-football-reference.com/players/F/FaleDa00.htm,dfales10,https://twitter.com/dfales10
FaneAl00,Alan Faneca,https://www.pro-football-reference.com/players/F/FaneAl00.htm,afan66,https://twitter.com/afan66
FarrJa99,James Farrior,https://www.pro-football-reference.com/players/F/FarrJa99.htm,JamesFarrior,https://twitter.com/JamesFarrior
FasaAn00,Anthony Fasano,https://www.pro-football-reference.com/players/F/FasaAn00.htm,Anthony_Fasano,https://twitter.com/Anthony_Fasano
FaulMa00,Marshall Faulk,https://www.pro-football-reference.com/players/F/FaulMa00.htm,marshallfaulk,https://twitter.com/marshallfaulk
FavoMa00,Marlon Favorite,https://www.pro-football-reference.com/players/F/FavoMa00.htm,bigfav504,https://twitter.com/bigfav504
FaysJa00,Jarred Fayson,https://www.pro-football-reference.com/players/F/FaysJa00.htm,JFayson,https://twitter.com/JFayson
FedeTe00,Terrence Fede,https://www.pro-football-reference.com/players/F/FedeTe00.htm,T_Fede,https://twitter.com/T_Fede
feelyjay01,Jay Feely,https://www.pro-football-reference.com/players/F/feelyjay01.htm,jayfeely,https://twitter.com/jayfeely
FeenTr00,Travis Feeney,https://www.pro-football-reference.com/players/F/FeenTr00.htm,dawgs41feeney,https://twitter.com/dawgs41feeney
FejeCl00,Clayton Fejedelem,https://www.pro-football-reference.com/players/F/FejeCl00.htm,ClayFejedelem,https://twitter.com/ClayFejedelem
FeliJo00,Jon Feliciano,https://www.pro-football-reference.com/players/F/FeliJo00.htm,MongoFeliciano,https://twitter.com/MongoFeliciano
FeltJe00,Jerome Felton,https://www.pro-football-reference.com/players/F/FeltJe00.htm,jfelton45,https://twitter.com/jfelton45
FergBl00,Blake Ferguson,https://www.pro-football-reference.com/players/F/FergBl00.htm,bferguson50,https://twitter.com/bferguson50
FergDB20,D'Brickashaw Ferguson,https://www.pro-football-reference.com/players/F/FergDB20.htm,DBrickashaw,https://twitter.com/DBrickashaw
FergEg00,Ego Ferguson,https://www.pro-football-reference.com/players/F/FergEg00.htm,Ego_Gets_Dollas,https://twitter.com/Ego_Gets_Dollas
FiamTo00,Tony Fiammetta,https://www.pro-football-reference.com/players/F/FiamTo00.htm,TonyFiammetta,https://twitter.com/TonyFiammetta
FielMa01,Mark Fields II,https://www.pro-football-reference.com/players/F/FielMa01.htm,MFII__,https://twitter.com/MFII__
FiguYa00,Yamon Figurs,https://www.pro-football-reference.com/players/F/FiguYa00.htm,Yam16,https://twitter.com/Yam16
FiliBo00,Bojay Filimoeatu,https://www.pro-football-reference.com/players/F/FiliBo00.htm,CoachBojay,https://twitter.com/CoachBojay
FinlJe00,Jermichael Finley,https://www.pro-football-reference.com/players/F/FinlJe00.htm,JermichaelF88,https://twitter.com/JermichaelF88
FinnCo20,Cortland Finnegan,https://www.pro-football-reference.com/players/F/FinnCo20.htm,CortFinnegan,https://twitter.com/CortFinnegan
FishEr00,Eric Fisher,https://www.pro-football-reference.com/players/F/FishEr00.htm,Big_Fish79,https://twitter.com/Big_Fish79
FishJa00,Jake Fisher,https://www.pro-football-reference.com/players/F/FishJa00.htm,J_Fish231,https://twitter.com/J_Fish231
FitzLa00,Larry Fitzgerald,https://www.pro-football-reference.com/players/F/FitzLa00.htm,LarryFitzgerald,https://twitter.com/LarryFitzgerald
FlacJo00,Joe Flacco,https://www.pro-football-reference.com/players/F/FlacJo00.htm,JoeFlacco,https://twitter.com/JoeFlacco
FleeCo00,Coby Fleener,https://www.pro-football-reference.com/players/F/FleeCo00.htm,Coby,https://twitter.com/Coby
FlemCa00,Cameron Fleming,https://www.pro-football-reference.com/players/F/FlemCa00.htm,cammyjfresh,https://twitter.com/cammyjfresh
FletBr99,Bradley Fletcher,https://www.pro-football-reference.com/players/F/FletBr99.htm,,https://twitter.com/
FletLo20,London Fletcher,https://www.pro-football-reference.com/players/F/FletLo20.htm,LFletcher59,https://twitter.com/LFletcher59
FlorDr20,Drayton Florence,https://www.pro-football-reference.com/players/F/FlorDr20.htm,DraytonFlorence,https://twitter.com/DraytonFlorence
FlowBr99,Brandon Flowers,https://www.pro-football-reference.com/players/F/FlowBr99.htm,BFlowers24,https://twitter.com/BFlowers24
FlowEr00,Ereck Flowers,https://www.pro-football-reference.com/players/F/FlowEr00.htm,Eflow_74,https://twitter.com/Eflow_74
FlowMa00,Marquis Flowers,https://www.pro-football-reference.com/players/F/FlowMa00.htm,MrHitThat_53,https://twitter.com/MrHitThat_53
FlowTr00,Trey Flowers,https://www.pro-football-reference.com/players/F/FlowTr00.htm,III_Flowers,https://twitter.com/III_Flowers
FloySh00,Sharrif Floyd,https://www.pro-football-reference.com/players/F/FloySh00.htm,sharriffloyd,https://twitter.com/sharriffloyd
FlueAn99,Andre Fluellen,https://www.pro-football-reference.com/players/F/FlueAn99.htm,afluellen96,https://twitter.com/afluellen96
FlukDJ00,D.J. Fluker,https://www.pro-football-reference.com/players/F/FlukDJ00.htm,DJTheWarrior76,https://twitter.com/DJTheWarrior76
FlutDo00,Doug Flutie,https://www.pro-football-reference.com/players/F/FlutDo00.htm,DougFlutie,https://twitter.com/DougFlutie
FokoMo99,Moise Fokou,https://www.pro-football-reference.com/players/F/FokoMo99.htm,moisefokou,https://twitter.com/moisefokou
FoleNi00,Nick Foles,https://www.pro-football-reference.com/players/F/FoleNi00.htm,NFoles_9,https://twitter.com/NFoles_9
FollZa99,Zack Follett,https://www.pro-football-reference.com/players/F/FollZa99.htm,ZakarianFollett,https://twitter.com/ZakarianFollett
FordDe00,Dee Ford,https://www.pro-football-reference.com/players/F/FordDe00.htm,,https://twitter.com/
FordJa99,Jacob Ford,https://www.pro-football-reference.com/players/F/FordJa99.htm,JacobFord78,https://twitter.com/JacobFord78
FordJa01,Jacoby Ford,https://www.pro-football-reference.com/players/F/FordJa01.htm,JacobyFord12,https://twitter.com/JacobyFord12
ForeCh00,Chuck Foreman,https://www.pro-football-reference.com/players/F/ForeCh00.htm,ChuckForeman,https://twitter.com/ChuckForeman
ForrJo00,Josh Forrest,https://www.pro-football-reference.com/players/F/ForrJo00.htm,Josh4re5t,https://twitter.com/Josh4re5t
ForsJu00,Justin Forsett,https://www.pro-football-reference.com/players/F/ForsJu00.htm,JForsett,https://twitter.com/JForsett
FortMa00,Matt Forte,https://www.pro-football-reference.com/players/F/FortMa00.htm,MattForte22,https://twitter.com/MattForte22
FortKh00,Khairi Fortt,https://www.pro-football-reference.com/players/F/FortKh00.htm,KForttress11,https://twitter.com/KForttress11
FostAr00,Arian Foster,https://www.pro-football-reference.com/players/F/FostAr00.htm,ArianFoster,https://twitter.com/ArianFoster
FostGe20,George Foster,https://www.pro-football-reference.com/players/F/FostGe20.htm,GeorgeFoster72,https://twitter.com/GeorgeFoster72
FostMa00,Mason Foster,https://www.pro-football-reference.com/players/F/FostMa00.htm,Mason_Foster,https://twitter.com/Mason_Foster
FostRa21,Ramon Foster,https://www.pro-football-reference.com/players/F/FostRa21.htm,RamonFoster,https://twitter.com/RamonFoster
FowlDa00,Dante Fowler,https://www.pro-football-reference.com/players/F/FowlDa00.htm,dantefowler,https://twitter.com/dantefowler
FowlJa00,Jalston Fowler,https://www.pro-football-reference.com/players/F/FowlJa00.htm,jalstonfowler,https://twitter.com/jalstonfowler
FoxxDu20,Dustin Fox,https://www.pro-football-reference.com/players/F/FoxxDu20.htm,DustinFox37,https://twitter.com/DustinFox37
FoxxJa20,Jason Fox,https://www.pro-football-reference.com/players/F/FoxxJa20.htm,JasonFox70,https://twitter.com/JasonFox70
FoxwDo20,Domonique Foxworth,https://www.pro-football-reference.com/players/F/FoxwDo20.htm,Foxworth24,https://twitter.com/Foxworth24
FranOr00,Orlando Franklin,https://www.pro-football-reference.com/players/F/FranOr00.htm,OFranklin74,https://twitter.com/OFranklin74
FranOr00,Orlando Franklin,https://www.pro-football-reference.com/players/F/FranOr00.htm,OFranklin74FDN,https://twitter.com/OFranklin74FDN
FranZa00,Zaire Franklin,https://www.pro-football-reference.com/players/F/FranZa00.htm,ZiggySmalls_,https://twitter.com/ZiggySmalls_
FranDo99,Dominique Franks,https://www.pro-football-reference.com/players/F/FranDo99.htm,DFranks24,https://twitter.com/DFranks24
FrazKa00,Kavon Frazier,https://www.pro-football-reference.com/players/F/FrazKa00.htm,Kay_BlackSimba,https://twitter.com/Kay_BlackSimba
FredTr00,Travis Frederick,https://www.pro-football-reference.com/players/F/FredTr00.htm,tfrederick72,https://twitter.com/tfrederick72
FreeDe00,Devonta Freeman,https://www.pro-football-reference.com/players/F/FreeDe00.htm,devontafreeman,https://twitter.com/devontafreeman
FreeDw00,Dwight Freeney,https://www.pro-football-reference.com/players/F/FreeDw00.htm,dwightfreeney,https://twitter.com/dwightfreeney
FreeNa00,Nate Freese,https://www.pro-football-reference.com/players/F/FreeNa00.htm,NathanFreese85,https://twitter.com/NathanFreese85
FuaxSi00,Sione Fua,https://www.pro-football-reference.com/players/F/FuaxSi00.htm,sionefua,https://twitter.com/sionefua
FugeJe00,Jean Fugett,https://www.pro-football-reference.com/players/F/FugeJe00.htm,jeanfugett,https://twitter.com/jeanfugett
FullDe00,Devin Fuller,https://www.pro-football-reference.com/players/F/FullDe00.htm,fullalove87,https://twitter.com/fullalove87
FullKe00,Kendall Fuller,https://www.pro-football-reference.com/players/F/FullKe00.htm,KeFu11er,https://twitter.com/KeFu11er
FullKy00,Kyle Fuller,https://www.pro-football-reference.com/players/F/FullKy00.htm,kbfuller17,https://twitter.com/kbfuller17
FullVi20,Vincent Fuller,https://www.pro-football-reference.com/players/F/FullVi20.htm,vfull22,https://twitter.com/vfull22
FullWi01,Will Fuller,https://www.pro-football-reference.com/players/F/FullWi01.htm,Will_Fuller7,https://twitter.com/Will_Fuller7
FultZa00,Zach Fulton,https://www.pro-football-reference.com/players/F/FultZa00.htm,ZachFulton72,https://twitter.com/ZachFulton72
FuncDe00,Devin Funchess,https://www.pro-football-reference.com/players/F/FuncDe00.htm,D_FUNCH,https://twitter.com/D_FUNCH
FurmJo00,Josh Furman,https://www.pro-football-reference.com/players/F/FurmJo00.htm,Furman_410,https://twitter.com/Furman_410
GabbBl00,Blaine Gabbert,https://www.pro-football-reference.com/players/G/GabbBl00.htm,BlaineGabbert,https://twitter.com/BlaineGabbert
GaddCh20,Christian Gaddis,https://www.pro-football-reference.com/players/G/GaddCh20.htm,Cagaddis,https://twitter.com/Cagaddis
GaffTy00,Tyler Gaffney,https://www.pro-football-reference.com/players/G/GaffTy00.htm,,https://twitter.com/
GainCh00,Charles Gaines,https://www.pro-football-reference.com/players/G/GainCh00.htm,clgain02,https://twitter.com/clgain02
GainE.00,E.J. Gaines,https://www.pro-football-reference.com/players/G/GainE.00.htm,GainesTrain_31,https://twitter.com/GainesTrain_31
GainPh00,Phillip Gaines,https://www.pro-football-reference.com/players/G/GainPh00.htm,,https://twitter.com/
GaleJu00,Junior Galette,https://www.pro-football-reference.com/players/G/GaleJu00.htm,JovaisG,https://twitter.com/JovaisG
GallTo00,Tommy Gallarda,https://www.pro-football-reference.com/players/G/GallTo00.htm,TGallarda,https://twitter.com/TGallarda
GallJe00,Jeremy Gallon,https://www.pro-football-reference.com/players/G/GallJe00.htm,JJGallon,https://twitter.com/JJGallon
GannRi00,Rich Gannon,https://www.pro-football-reference.com/players/G/GannRi00.htm,RichGannon12,https://twitter.com/RichGannon12
GanoGr44,Graham Gano,https://www.pro-football-reference.com/players/G/GanoGr44.htm,GrahamGano,https://twitter.com/GrahamGano
GaraAn20,Antonio Garay,https://www.pro-football-reference.com/players/G/GaraAn20.htm,antoniogaray71,https://twitter.com/antoniogaray71
GarcJe00,Jeff Garcia,https://www.pro-football-reference.com/players/G/GarcJe00.htm,JeffGarciaJGFA,https://twitter.com/JeffGarciaJGFA
GarcMa00,Max Garcia,https://www.pro-football-reference.com/players/G/GarcMa00.htm,MGarcia_76,https://twitter.com/MGarcia_76
GarcPi00,Pierre Garcon,https://www.pro-football-reference.com/players/G/GarcPi00.htm,PierreGarcon,https://twitter.com/PierreGarcon
GardBe00,Ben Gardner,https://www.pro-football-reference.com/players/G/GardBe00.htm,BennyG49,https://twitter.com/BennyG49
GarnCh00,Charlie Garner,https://www.pro-football-reference.com/players/G/GarnCh00.htm,CharlieGarner,https://twitter.com/CharlieGarner
GarnJo00,Joshua Garnett,https://www.pro-football-reference.com/players/G/GarnJo00.htm,IamJoshG,https://twitter.com/IamJoshG
GaroJi00,Jimmy Garoppolo,https://www.pro-football-reference.com/players/G/GaroJi00.htm,JimmyG_10,https://twitter.com/JimmyG_10
GarrDa00,David Garrard,https://www.pro-football-reference.com/players/G/GarrDa00.htm,davidgarrard9,https://twitter.com/davidgarrard9
GateAn00,Antonio Gates,https://www.pro-football-reference.com/players/G/GateAn00.htm,AntonioGates85,https://twitter.com/AntonioGates85
GateCl00,Clyde Gates,https://www.pro-football-reference.com/players/G/GateCl00.htm,EdmondGates,https://twitter.com/EdmondGates
GathRi00,Rico Gathers,https://www.pro-football-reference.com/players/G/GathRi00.htm,kinggatz2,https://twitter.com/kinggatz2
GayxWi99,William Gay,https://www.pro-football-reference.com/players/G/GayxWi99.htm,Southcity22,https://twitter.com/Southcity22
GeatCl00,Clayton Geathers,https://www.pro-football-reference.com/players/G/GeatCl00.htm,klgeathers,https://twitter.com/klgeathers
GeorEd00,Eddie George,https://www.pro-football-reference.com/players/G/GeorEd00.htm,EddieGeorge2727,https://twitter.com/EddieGeorge2727
GeorJe01,Jeremiah George,https://www.pro-football-reference.com/players/G/GeorJe01.htm,JGeorge52,https://twitter.com/JGeorge52
GheeBr99,Brandon Ghee,https://www.pro-football-reference.com/players/G/GheeBr99.htm,BGhee,https://twitter.com/BGhee
GibsBr00,Brandon Gibson,https://www.pro-football-reference.com/players/G/GibsBr00.htm,Bgibson04,https://twitter.com/Bgibson04
GibsLa00,Laurence Gibson,https://www.pro-football-reference.com/players/G/GibsLa00.htm,thebigfueler,https://twitter.com/thebigfueler
GilbWa00,Wallace Gilberry,https://www.pro-football-reference.com/players/G/GilbWa00.htm,Gilberry92,https://twitter.com/Gilberry92
GilbGa01,Garrett Gilbert,https://www.pro-football-reference.com/players/G/GilbGa01.htm,QBGGilbert,https://twitter.com/QBGGilbert
GilbJu00,Justin Gilbert,https://www.pro-football-reference.com/players/G/GilbJu00.htm,,https://twitter.com/
GilbMa00,Marcus Gilbert,https://www.pro-football-reference.com/players/G/GilbMa00.htm,MarcusGilbert88,https://twitter.com/MarcusGilbert88
GilcMa00,Marcus Gilchrist,https://www.pro-football-reference.com/players/G/GilcMa00.htm,mgilchr,https://twitter.com/mgilchr
GillTy00,Tyree Gillespie,https://www.pro-football-reference.com/players/G/GillTy00.htm,PutReekIn,https://twitter.com/PutReekIn
GillCr00,Crockett Gillmore,https://www.pro-football-reference.com/players/G/GillCr00.htm,10GTOWN,https://twitter.com/10GTOWN
GilmSt00,Stephon Gilmore,https://www.pro-football-reference.com/players/G/GilmSt00.htm,BumpNrunGilm0re,https://twitter.com/BumpNrunGilm0re
GilyMa00,Mardy Gilyard,https://www.pro-football-reference.com/players/G/GilyMa00.htm,MardyGilyard,https://twitter.com/MardyGilyard
GinnTe00,Ted Ginn Jr.,https://www.pro-football-reference.com/players/G/GinnTe00.htm,TedGinnJr_19,https://twitter.com/TedGinnJr_19
GiveCh00,Chris Givens,https://www.pro-football-reference.com/players/G/GiveCh00.htm,CG1three,https://twitter.com/CG1three
GlasGr00,Graham Glasgow,https://www.pro-football-reference.com/players/G/GlasGr00.htm,gglasgow61,https://twitter.com/gglasgow61
GlenCo99,Cody Glenn,https://www.pro-football-reference.com/players/G/GlenCo99.htm,Txhusker3452,https://twitter.com/Txhusker3452
GlovLa00,La'Roi Glover,https://www.pro-football-reference.com/players/G/GlovLa00.htm,LaRoiGlover,https://twitter.com/LaRoiGlover
GlowMa00,Mark Glowinski,https://www.pro-football-reference.com/players/G/GlowMa00.htm,MarkGlowinski73,https://twitter.com/MarkGlowinski73
GocoCh99,Chris Gocong,https://www.pro-football-reference.com/players/G/GocoCh99.htm,chrisgocong,https://twitter.com/chrisgocong
GoetTr99,Travis Goethel,https://www.pro-football-reference.com/players/G/GoetTr99.htm,TravisGoethel,https://twitter.com/TravisGoethel
GoffJa00,Jared Goff,https://www.pro-football-reference.com/players/G/GoffJa00.htm,JaredGoff16,https://twitter.com/JaredGoff16
GoldMa00,Markus Golden,https://www.pro-football-reference.com/players/G/GoldMa00.htm,markusgolden,https://twitter.com/markusgolden
GoldEd00,Eddie Goldman,https://www.pro-football-reference.com/players/G/GoldEd00.htm,EddieGoldman,https://twitter.com/EddieGoldman
GoldDa99,Dashon Goldson,https://www.pro-football-reference.com/players/G/GoldDa99.htm,thehawk38,https://twitter.com/thehawk38
GoliBo00,Bob Golic,https://www.pro-football-reference.com/players/G/GoliBo00.htm,bobgolic,https://twitter.com/bobgolic
GolsSe00,Senquez Golson,https://www.pro-football-reference.com/players/G/GolsSe00.htm,Quez_G,https://twitter.com/Quez_G
GolsCh00,Chauncey Golston,https://www.pro-football-reference.com/players/G/GolsCh00.htm,2live57,https://twitter.com/2live57
GomeDe00,DeJon Gomes,https://www.pro-football-reference.com/players/G/GomeDe00.htm,D_Gomes24,https://twitter.com/D_Gomes24
GonzTo00,Tony Gonzalez,https://www.pro-football-reference.com/players/G/GonzTo00.htm,TonyGonzalez88,https://twitter.com/TonyGonzalez88
GoodRi00,Richard Goodman,https://www.pro-football-reference.com/players/G/GoodRi00.htm,2_Good2BTrue,https://twitter.com/2_Good2BTrue
GoodB.00,B.J. Goodson,https://www.pro-football-reference.com/players/G/GoodB.00.htm,B_Good_Son,https://twitter.com/B_Good_Son
GoodMi00,Mike Goodson,https://www.pro-football-reference.com/players/G/GoodMi00.htm,GoodNplenty33,https://twitter.com/GoodNplenty33
GoodJo23,Jonathan Goodwin,https://www.pro-football-reference.com/players/G/GoodJo23.htm,jgoody55,https://twitter.com/jgoody55
GordCl20,Cletis Gordon,https://www.pro-football-reference.com/players/G/GordCl20.htm,cletgord24,https://twitter.com/cletgord24
GordJo02,Josh Gordon,https://www.pro-football-reference.com/players/G/GordJo02.htm,JOSH_GORDONXII,https://twitter.com/JOSH_GORDONXII
GordMe00,Melvin Gordon,https://www.pro-football-reference.com/players/G/GordMe00.htm,Melvingordon25,https://twitter.com/Melvingordon25
GorrDa00,Danny Gorrer,https://www.pro-football-reference.com/players/G/GorrDa00.htm,Dgorrer36,https://twitter.com/Dgorrer36
GotsAd00,Adam Gotsis,https://www.pro-football-reference.com/players/G/GotsAd00.htm,gotsis96,https://twitter.com/gotsis96
gouldrob01,Robbie Gould,https://www.pro-football-reference.com/players/G/gouldrob01.htm,RobbieGould09,https://twitter.com/RobbieGould09
GradBr00,Bruce Gradkowski,https://www.pro-football-reference.com/players/G/GradBr00.htm,bgradkowski5,https://twitter.com/bgradkowski5
GragCh00,Chris Gragg,https://www.pro-football-reference.com/players/G/GragCh00.htm,Gragg80,https://twitter.com/Gragg80
GrahBr99,Brandon Graham,https://www.pro-football-reference.com/players/G/GrahBr99.htm,brandongraham55,https://twitter.com/brandongraham55
GrahEa00,Earnest Graham,https://www.pro-football-reference.com/players/G/GrahEa00.htm,EarnestGraham,https://twitter.com/EarnestGraham
GrahGa00,Garrett Graham,https://www.pro-football-reference.com/players/G/GrahGa00.htm,gra89ham,https://twitter.com/gra89ham
GrahJi00,Jimmy Graham,https://www.pro-football-reference.com/players/G/GrahJi00.htm,TheJimmyGraham,https://twitter.com/TheJimmyGraham
GrahSc00,Scottie Graham,https://www.pro-football-reference.com/players/G/GrahSc00.htm,ScottieGraham,https://twitter.com/ScottieGraham
GrahTh00,Thomas Graham,https://www.pro-football-reference.com/players/G/GrahTh00.htm,_TG4__,https://twitter.com/_TG4__
GranCh21,Charles Grant,https://www.pro-football-reference.com/players/G/GranCh21.htm,cgrant94,https://twitter.com/cgrant94
GranDo00,Doran Grant,https://www.pro-football-reference.com/players/G/GranDo00.htm,AkronsVO_21,https://twitter.com/AkronsVO_21
GranJa00,Jakeem Grant,https://www.pro-football-reference.com/players/G/GranJa00.htm,_TheDreamIsHere,https://twitter.com/_TheDreamIsHere
GranLa99,Larry Grant,https://www.pro-football-reference.com/players/G/GranLa99.htm,LarryGrant95,https://twitter.com/LarryGrant95
GranRy00,Ryan Grant,https://www.pro-football-reference.com/players/G/GranRy00.htm,RyanGrant25,https://twitter.com/RyanGrant25
GrasHr00,Hroniss Grasu,https://www.pro-football-reference.com/players/G/GrasHr00.htm,Hroniss4Heisman,https://twitter.com/Hroniss4Heisman
GrayGa00,Garrett Grayson,https://www.pro-football-reference.com/players/G/GrayGa00.htm,gbg_18,https://twitter.com/gbg_18
GreeA.00,A.J. Green,https://www.pro-football-reference.com/players/G/GreeA.00.htm,ajgreen_18,https://twitter.com/ajgreen_18
GreeAh00,Ahman Green,https://www.pro-football-reference.com/players/G/GreeAh00.htm,AhmanGreen30,https://twitter.com/AhmanGreen30
GreeAl00,Alex Green,https://www.pro-football-reference.com/players/G/GreeAl00.htm,AGreen_20,https://twitter.com/AGreen_20
GreeCh02,Chaz Green,https://www.pro-football-reference.com/players/G/GreeCh02.htm,born_ambition79,https://twitter.com/born_ambition79
GreeDa00,Darrell Green,https://www.pro-football-reference.com/players/G/GreeDa00.htm,darrellgreen28,https://twitter.com/darrellgreen28
GreeT.00,T.J. Green,https://www.pro-football-reference.com/players/G/GreeT.00.htm,BossGreen256,https://twitter.com/BossGreen256
GreeVi00,Virgil Green,https://www.pro-football-reference.com/players/G/GreeVi00.htm,VGreen85,https://twitter.com/VGreen85
GreeDo00,Dorial Green-Beckham,https://www.pro-football-reference.com/players/G/GreeDo00.htm,realdgb,https://twitter.com/realdgb
GreeBe00,BenJarvus Green-Ellis,https://www.pro-football-reference.com/players/G/GreeBe00.htm,TheLawFirmBJGE,https://twitter.com/TheLawFirmBJGE
GreeJo04,Jonathan Greenard,https://www.pro-football-reference.com/players/G/GreeJo04.htm,jongreenard7,https://twitter.com/jongreenard7
GreeCo99,Courtney Greene,https://www.pro-football-reference.com/players/G/GreeCo99.htm,MrGrEeNe36,https://twitter.com/MrGrEeNe36
GreeRa00,Rashad Greene,https://www.pro-football-reference.com/players/G/GreeRa00.htm,RG80_,https://twitter.com/RG80_
GreeJa22,Jabari Greer,https://www.pro-football-reference.com/players/G/GreeJa22.htm,Jabari_Greer,https://twitter.com/Jabari_Greer
GregRa00,Randy Gregory,https://www.pro-football-reference.com/players/G/GregRa00.htm,RandyGregory_4,https://twitter.com/RandyGregory_4
GregSt20,Steve Gregory,https://www.pro-football-reference.com/players/G/GregSt20.htm,TheSGSquad,https://twitter.com/TheSGSquad
GresCl00,Clint Gresham,https://www.pro-football-reference.com/players/G/GresCl00.htm,Gresh49,https://twitter.com/Gresh49
GricMa00,Marion Grice,https://www.pro-football-reference.com/players/G/GricMa00.htm,TheMarionGrice,https://twitter.com/TheMarionGrice
GrifEv99,Everson Griffen,https://www.pro-football-reference.com/players/G/GrifEv99.htm,EGriff97,https://twitter.com/EGriff97
GrifMi99,Michael Griffin,https://www.pro-football-reference.com/players/G/GrifMi99.htm,MikeGriff33,https://twitter.com/MikeGriff33
GrifRo01,Robert Griffin III,https://www.pro-football-reference.com/players/G/GrifRo01.htm,RGIII,https://twitter.com/RGIII
GrifRo00,Robert Griffith,https://www.pro-football-reference.com/players/G/GrifRo00.htm,GRIFF24SEVEN,https://twitter.com/GRIFF24SEVEN
GrimBr20,Brent Grimes,https://www.pro-football-reference.com/players/G/GrimBr20.htm,,https://twitter.com/
GrisGe00,Geneo Grissom,https://www.pro-football-reference.com/players/G/GrisGe00.htm,Geneo_G,https://twitter.com/Geneo_G
GronCh00,Chris Gronkowski,https://www.pro-football-reference.com/players/G/GronCh00.htm,Chrisgronkowski,https://twitter.com/Chrisgronkowski
GronDa00,Dan Gronkowski,https://www.pro-football-reference.com/players/G/GronDa00.htm,DGronko,https://twitter.com/DGronko
GronRo00,Rob Gronkowski,https://www.pro-football-reference.com/players/G/GronRo00.htm,RobGronkowski,https://twitter.com/RobGronkowski
GrovQu99,Quentin Groves,https://www.pro-football-reference.com/players/G/GrovQu99.htm,QuentinGroves,https://twitter.com/QuentinGroves
GrugKa00,Kamu Grugier-Hill,https://www.pro-football-reference.com/players/G/GrugKa00.htm,k_grugierhill,https://twitter.com/k_grugierhill
GuntRo00,Rodney Gunter,https://www.pro-football-reference.com/players/G/GuntRo00.htm,KingRod90,https://twitter.com/KingRod90
GurlTo01,Todd Gurley,https://www.pro-football-reference.com/players/G/GurlTo01.htm,TG3II,https://twitter.com/TG3II
GurlTo00,Tori Gurley,https://www.pro-football-reference.com/players/G/GurlTo00.htm,TGurley81,https://twitter.com/TGurley81
GuytGa99,Gary Guyton,https://www.pro-football-reference.com/players/G/GuytGa99.htm,GaryGuyton59,https://twitter.com/GaryGuyton59
GwacOb00,Obum Gwacham,https://www.pro-football-reference.com/players/G/GwacOb00.htm,obumg,https://twitter.com/obumg
HackCh01,Christian Hackenberg,https://www.pro-football-reference.com/players/H/HackCh01.htm,chackenberg1,https://twitter.com/chackenberg1
HadeJo99,Joe Haden,https://www.pro-football-reference.com/players/H/HadeJo99.htm,joehaden23,https://twitter.com/joehaden23
HaegJo00,Joe Haeg,https://www.pro-football-reference.com/players/H/HaegJo00.htm,JoeHaeg59,https://twitter.com/JoeHaeg59
HageBr00,Bryce Hager,https://www.pro-football-reference.com/players/H/HageBr00.htm,HagerBryce,https://twitter.com/HagerBryce
HairCh00,Chris Hairston,https://www.pro-football-reference.com/players/H/HairCh00.htm,C_Hairston75,https://twitter.com/C_Hairston75
HalxAn00,Andre Hal,https://www.pro-football-reference.com/players/H/HalxAn00.htm,,https://twitter.com/
HalaJo00,Jon Halapio,https://www.pro-football-reference.com/players/H/HalaJo00.htm,Jhalapio67,https://twitter.com/Jhalapio67
HallDe99,DeAngelo Hall,https://www.pro-football-reference.com/players/H/HallDe99.htm,DeAngeloHall23,https://twitter.com/DeAngeloHall23
HallDe02,Deiondre' Hall,https://www.pro-football-reference.com/players/H/HallDe02.htm,Dhall_Island1,https://twitter.com/Dhall_Island1
HamiBe20,Ben Hamilton,https://www.pro-football-reference.com/players/H/HamiBe20.htm,benhamilton50,https://twitter.com/benhamilton50
HamiDa02,DaVon Hamilton,https://www.pro-football-reference.com/players/H/HamiDa02.htm,dmhamilton53,https://twitter.com/dmhamilton53
HamiLy20,Lynell Hamilton,https://www.pro-football-reference.com/players/H/HamiLy20.htm,LynellHamilton,https://twitter.com/LynellHamilton
HamlKe20,Ken Hamlin,https://www.pro-football-reference.com/players/H/HamlKe20.htm,ken_hamlin,https://twitter.com/ken_hamlin
HamlMi99,Michael Hamlin,https://www.pro-football-reference.com/players/H/HamlMi99.htm,Ham_25,https://twitter.com/Ham_25
HaniCa00,Caleb Hanie,https://www.pro-football-reference.com/players/H/HaniCa00.htm,CalebHanie12,https://twitter.com/CalebHanie12
HankLe00,Leonard Hankerson,https://www.pro-football-reference.com/players/H/HankLe00.htm,HankTime85,https://twitter.com/HankTime85
HannJo00,John Hannah,https://www.pro-football-reference.com/players/H/HannJo00.htm,hoghannah,https://twitter.com/hoghannah
HansMa00,Matt Hansen,https://www.pro-football-reference.com/players/H/HansMa00.htm,MattyHans30,https://twitter.com/MattyHans30
HarbJi00,Jim Harbaugh,https://www.pro-football-reference.com/players/H/HarbJi00.htm,CoachJim4UM,https://twitter.com/CoachJim4UM
HardMa00,Marcus Hardison,https://www.pro-football-reference.com/players/H/HardMa00.htm,13igDuke,https://twitter.com/13igDuke
HardNi55,Nick Hardwick,https://www.pro-football-reference.com/players/H/HardNi55.htm,hardwina,https://twitter.com/hardwina
HardJa00,James Hardy,https://www.pro-football-reference.com/players/H/HardJa00.htm,JamesHardy84,https://twitter.com/JamesHardy84
HardJu00,Justin Hardy,https://www.pro-football-reference.com/players/H/HardJu00.htm,FreakMagic2,https://twitter.com/FreakMagic2
HargJa00,Javon Hargrave,https://www.pro-football-reference.com/players/H/HargJa00.htm,Jay_MostWanted,https://twitter.com/Jay_MostWanted
HaroEl00,Eli Harold,https://www.pro-football-reference.com/players/H/HaroEl00.htm,EliHaroldNews,https://twitter.com/EliHaroldNews
HarpRo21,Roman Harper,https://www.pro-football-reference.com/players/H/HarpRo21.htm,Harp41,https://twitter.com/Harp41
HarrBr00,Brandon Harris,https://www.pro-football-reference.com/players/H/HarrBr00.htm,HarrisNOFLYZONE,https://twitter.com/HarrisNOFLYZONE
HarrCh01,Chris Harris Jr.,https://www.pro-football-reference.com/players/H/HarrCh01.htm,ChrisHarrisJr,https://twitter.com/ChrisHarrisJr
HarrDo21,Dominique Harris,https://www.pro-football-reference.com/players/H/HarrDo21.htm,DomoHarris21,https://twitter.com/DomoHarris21
HarrNi99,Nic Harris,https://www.pro-football-reference.com/players/H/HarrNi99.htm,NicHarris5,https://twitter.com/NicHarris5
HarrSh00,Shelby Harris,https://www.pro-football-reference.com/players/H/HarrSh00.htm,ShelbyHarris93,https://twitter.com/ShelbyHarris93
HarrTo99,Tommie Harris,https://www.pro-football-reference.com/players/H/HarrTo99.htm,Tommieharris90,https://twitter.com/Tommieharris90
HarrVi99,Victor Harris,https://www.pro-football-reference.com/players/H/HarrVi99.htm,MachoHarris,https://twitter.com/MachoHarris
HarrJa23,James Harrison,https://www.pro-football-reference.com/players/H/HarrJa23.htm,jharrison9292,https://twitter.com/jharrison9292
HarrJa02,Jarvis Harrison,https://www.pro-football-reference.com/players/H/HarrJa02.htm,J_Harrison51,https://twitter.com/J_Harrison51
HarrNo20,Nolan Harrison,https://www.pro-football-reference.com/players/H/HarrNo20.htm,NolanHarrison74,https://twitter.com/NolanHarrison74
HarrRo01,Rodney Harrison,https://www.pro-football-reference.com/players/H/HarrRo01.htm,Rodney_Harrison,https://twitter.com/Rodney_Harrison
HartBo00,Bobby Hart,https://www.pro-football-reference.com/players/H/HartBo00.htm,IGotHart,https://twitter.com/IGotHart
HartMi00,Mike Hart,https://www.pro-football-reference.com/players/H/HartMi00.htm,MHart2032,https://twitter.com/MHart2032
HartTa00,Taylor Hart,https://www.pro-football-reference.com/players/H/HartTa00.htm,TaylorHart66,https://twitter.com/TaylorHart66
HartGa00,Garrett Hartley,https://www.pro-football-reference.com/players/H/HartGa00.htm,GHartley5,https://twitter.com/GHartley5
HartBr00,Brian Hartline,https://www.pro-football-reference.com/players/H/HartBr00.htm,brianhartline,https://twitter.com/brianhartline
HarvBr00,Brandyn Harvey,https://www.pro-football-reference.com/players/H/HarvBr00.htm,imaBHARVfan,https://twitter.com/imaBHARVfan
HarvDe99,Derrick Harvey,https://www.pro-football-reference.com/players/H/HarvDe99.htm,deharv91,https://twitter.com/deharv91
HarvKe00,Ken Harvey,https://www.pro-football-reference.com/players/H/HarvKe00.htm,transition57,https://twitter.com/transition57
HarvPe00,Percy Harvin,https://www.pro-football-reference.com/players/H/HarvPe00.htm,,https://twitter.com/
HaslKe20,Kevin Haslam,https://www.pro-football-reference.com/players/H/HaslKe20.htm,KHaslam70,https://twitter.com/KHaslam70
HassMa00,Matt Hasselbeck,https://www.pro-football-reference.com/players/H/HassMa00.htm,Hasselbeck,https://twitter.com/Hasselbeck
HassTi00,Tim Hasselbeck,https://www.pro-football-reference.com/players/H/HassTi00.htm,tthasselbeck,https://twitter.com/tthasselbeck
HatcJa20,Jason Hatcher,https://www.pro-football-reference.com/players/H/HatcJa20.htm,J_Hatcher6,https://twitter.com/J_Hatcher6
HatcMa00,Matthew Hatchette,https://www.pro-football-reference.com/players/H/HatcMa00.htm,Hatch89,https://twitter.com/Hatch89
HaveRo00,Rob Havenstein,https://www.pro-football-reference.com/players/H/HaveRo00.htm,RobHlsc432,https://twitter.com/RobHlsc432
HawkA.20,A.J. Hawk,https://www.pro-football-reference.com/players/H/HawkA.20.htm,OfficialAJHawk,https://twitter.com/OfficialAJHawk
HawkAr20,Artrell Hawkins,https://www.pro-football-reference.com/players/H/HawkAr20.htm,artrellhawkins,https://twitter.com/artrellhawkins
HawkJe00,Jerald Hawkins,https://www.pro-football-reference.com/players/H/HawkJe00.htm,bubbahawk10,https://twitter.com/bubbahawk10
HawlJo20,Joe Hawley,https://www.pro-football-reference.com/players/H/HawlJo20.htm,JHawley61,https://twitter.com/JHawley61
HawtDa20,David Hawthorne,https://www.pro-football-reference.com/players/H/HawtDa20.htm,D_Hawthorne57,https://twitter.com/D_Hawthorne57
HaywCa00,Casey Hayward,https://www.pro-football-reference.com/players/H/HaywCa00.htm,show_case29,https://twitter.com/show_case29
HaywRe20,Reggie Hayward,https://www.pro-football-reference.com/players/H/HaywRe20.htm,HayDay97,https://twitter.com/HayDay97
HazeMa01,Matt Hazel,https://www.pro-football-reference.com/players/H/HazeMa01.htm,MattHazel_,https://twitter.com/MattHazel_
HeapTo00,Todd Heap,https://www.pro-football-reference.com/players/H/HeapTo00.htm,ToddHeap86,https://twitter.com/ToddHeap86
HeatT.00,T.J. Heath,https://www.pro-football-reference.com/players/H/HeatT.00.htm,TjHeath34,https://twitter.com/TjHeath34
HebeBo00,Bobby Hebert,https://www.pro-football-reference.com/players/H/HebeBo00.htm,BobbyHebert3,https://twitter.com/BobbyHebert3
HeenBe00,Ben Heeney,https://www.pro-football-reference.com/players/H/HeenBe00.htm,henbeeney,https://twitter.com/henbeeney
HemiJu00,Junior Hemingway,https://www.pro-football-reference.com/players/H/HemiJu00.htm,,https://twitter.com/
HemiTe00,Temarrick Hemingway,https://www.pro-football-reference.com/players/H/HemiTe00.htm,Baller4LifeTH,https://twitter.com/Baller4LifeTH
HendE.20,E.J. Henderson,https://www.pro-football-reference.com/players/H/HendE.20.htm,56ejhenderson,https://twitter.com/56ejhenderson
HendEr99,Erin Henderson,https://www.pro-football-reference.com/players/H/HendEr99.htm,50ErinHenderson,https://twitter.com/50ErinHenderson
HendMa21,Mario Henderson,https://www.pro-football-reference.com/players/H/HendMa21.htm,mariohenderson,https://twitter.com/mariohenderson
HendSe00,Seantrel Henderson,https://www.pro-football-reference.com/players/H/HendSe00.htm,66_Henderson,https://twitter.com/66_Henderson
HennMa00,Matt Hennessy,https://www.pro-football-reference.com/players/H/HennMa00.htm,matt__hennessy,https://twitter.com/matt__hennessy
HenrDe00,Derrick Henry,https://www.pro-football-reference.com/players/H/HenrDe00.htm,KingHenry_2,https://twitter.com/KingHenry_2
HenrHu00,Hunter Henry,https://www.pro-football-reference.com/players/H/HenrHu00.htm,Hunter_Henry84,https://twitter.com/Hunter_Henry84
HenrWi00,Willie Henry,https://www.pro-football-reference.com/players/H/HenrWi00.htm,WE_69,https://twitter.com/WE_69
HensRo99,Robert Henson,https://www.pro-football-reference.com/players/H/HensRo99.htm,Mr_Henson51,https://twitter.com/Mr_Henson51
HerbKh00,Khalil Herbert,https://www.pro-football-reference.com/players/H/HerbKh00.htm,JuiceHerbert,https://twitter.com/JuiceHerbert
HernAa00,Aaron Hernandez,https://www.pro-football-reference.com/players/H/HernAa00.htm,,https://twitter.com/
HerrTo20,Todd Herremans,https://www.pro-football-reference.com/players/H/HerrTo20.htm,toddherremans,https://twitter.com/toddherremans
HerrAm00,Amarlo Herrera,https://www.pro-football-reference.com/players/H/HerrAm00.htm,5DeuceHerrera,https://twitter.com/5DeuceHerrera
HerrWi99,Will Herring,https://www.pro-football-reference.com/players/H/HerrWi99.htm,wherring54,https://twitter.com/wherring54
HerrAn21,Anthony Herron,https://www.pro-football-reference.com/players/H/HerrAn21.htm,BigAntHerron,https://twitter.com/BigAntHerron
HerrRo00,Robert Herron,https://www.pro-football-reference.com/players/H/HerrRo00.htm,ZoomHerron,https://twitter.com/ZoomHerron
HerzMa00,Mark Herzlich,https://www.pro-football-reference.com/players/H/HerzMa00.htm,MarkHerzlich,https://twitter.com/MarkHerzlich
HestDe99,Devin Hester,https://www.pro-football-reference.com/players/H/HestDe99.htm,D_Hest23,https://twitter.com/D_Hest23
HestJa00,Jacob Hester,https://www.pro-football-reference.com/players/H/HestJa00.htm,JacobHester22,https://twitter.com/JacobHester22
HeueJe00,Jeff Heuerman,https://www.pro-football-reference.com/players/H/HeueJe00.htm,JHeuerman86,https://twitter.com/JHeuerman86
HeyeSt20,Stephon Heyer,https://www.pro-football-reference.com/players/H/HeyeSt20.htm,WAYlife74,https://twitter.com/WAYlife74
HeywCa01,Cameron Heyward,https://www.pro-football-reference.com/players/H/HeywCa01.htm,CamHeyward,https://twitter.com/CamHeyward
HeywDa00,Darrius Heyward-Bey,https://www.pro-football-reference.com/players/H/HeywDa00.htm,theDHB85,https://twitter.com/theDHB85
HickAk00,Akiem Hicks,https://www.pro-football-reference.com/players/H/HickAk00.htm,The_Dream99,https://twitter.com/The_Dream99
HickJo00,Jordan Hicks,https://www.pro-football-reference.com/players/H/HickJo00.htm,JordanHicks,https://twitter.com/JordanHicks
HigbTy00,Tyler Higbee,https://www.pro-football-reference.com/players/H/HigbTy00.htm,Ty_Higs19,https://twitter.com/Ty_Higs19
HighAl01,Ali Highsmith,https://www.pro-football-reference.com/players/H/HighAl01.htm,Ali_Highsmith7,https://twitter.com/Ali_Highsmith7
HighTi00,Tim Hightower,https://www.pro-football-reference.com/players/H/HighTi00.htm,Tim_Hightower,https://twitter.com/Tim_Hightower
HillJe01,Jeremy Hill,https://www.pro-football-reference.com/players/H/HillJe01.htm,JeremyHill33,https://twitter.com/JeremyHill33
HillTy00,Tyreek Hill,https://www.pro-football-reference.com/players/H/HillTy00.htm,cheetah,https://twitter.com/cheetah
HillKe01,Kenny Hilliard,https://www.pro-football-reference.com/players/H/HillKe01.htm,noceilings27,https://twitter.com/noceilings27
HillPe00,Peyton Hillis,https://www.pro-football-reference.com/players/H/HillPe00.htm,thepeytonhillis,https://twitter.com/thepeytonhillis
HiltT.00,T.Y. Hilton,https://www.pro-football-reference.com/players/H/HiltT.00.htm,TYHilton13,https://twitter.com/TYHilton13
HineJe00,Jermale Hines,https://www.pro-football-reference.com/players/H/HineJe00.htm,Male_Hines7,https://twitter.com/Male_Hines7
HineNy00,Nyheim Hines,https://www.pro-football-reference.com/players/H/HineNy00.htm,TheNyNy7,https://twitter.com/TheNyNy7
HitcAn00,Anthony Hitchens,https://www.pro-football-reference.com/players/H/HitcAn00.htm,AnthonyHitchens,https://twitter.com/AnthonyHitchens
HixoDo00,Domenik Hixon,https://www.pro-football-reference.com/players/H/HixoDo00.htm,domenik_hixon,https://twitter.com/domenik_hixon
HockZa00,Zach Hocker,https://www.pro-football-reference.com/players/H/HockZa00.htm,zhocker18,https://twitter.com/zhocker18
HodgRe20,Reggie Hodges,https://www.pro-football-reference.com/players/H/HodgRe20.htm,Reggie_Hodges,https://twitter.com/Reggie_Hodges
HogaKe00,Kevin Hogan,https://www.pro-football-reference.com/players/H/HogaKe00.htm,khoagie8,https://twitter.com/khoagie8
HogeMe00,Merril Hoge,https://www.pro-football-reference.com/players/H/HogeMe00.htm,merrilhoge,https://twitter.com/merrilhoge
HollJe02,Jevon Holland,https://www.pro-football-reference.com/players/H/HollJe02.htm,HollywoodVon,https://twitter.com/HollywoodVon
HollJe00,Jesse Holley,https://www.pro-football-reference.com/players/H/HollJe00.htm,Mr4thAndLong,https://twitter.com/Mr4thAndLong
HollVo20,Vonnie Holliday,https://www.pro-football-reference.com/players/H/HollVo20.htm,therealholliday,https://twitter.com/therealholliday
HollDw20,Dwight Hollier,https://www.pro-football-reference.com/players/H/HollDw20.htm,DFin50,https://twitter.com/DFin50
HollGe00,Gerod Holliman,https://www.pro-football-reference.com/players/H/HollGe00.htm,GerodHolliman,https://twitter.com/GerodHolliman
hollimik01,Mike Hollis,https://www.pro-football-reference.com/players/H/hollimik01.htm,ProFormKicking,https://twitter.com/ProFormKicking
HolmAn00,Andre Holmes,https://www.pro-football-reference.com/players/H/HolmAn00.htm,dreholmes18,https://twitter.com/dreholmes18
HolmLa00,Lamar Holmes,https://www.pro-football-reference.com/players/H/HolmLa00.htm,TeamHolmes7256,https://twitter.com/TeamHolmes7256
HolmPr00,Priest Holmes,https://www.pro-football-reference.com/players/H/HolmPr00.htm,priestholmes,https://twitter.com/priestholmes
HolmSa00,Santonio Holmes,https://www.pro-football-reference.com/players/H/HolmSa00.htm,ToneTime10,https://twitter.com/ToneTime10
HolmTy01,Tyrone Holmes,https://www.pro-football-reference.com/players/H/HolmTy01.htm,Tyrone_Holmes_,https://twitter.com/Tyrone_Holmes_
HoltTo00,Torry Holt,https://www.pro-football-reference.com/players/H/HoltTo00.htm,BigGame81,https://twitter.com/BigGame81
HookMa00,Malik Hooker,https://www.pro-football-reference.com/players/H/HookMa00.htm,MalikHooker24,https://twitter.com/MalikHooker24
HoopAu00,Austin Hooper,https://www.pro-football-reference.com/players/H/HoopAu00.htm,AustinHooper18,https://twitter.com/AustinHooper18
HopeCh21,Chris Hope,https://www.pro-football-reference.com/players/H/HopeCh21.htm,Ichope24,https://twitter.com/Ichope24
HopkDe00,DeAndre Hopkins,https://www.pro-football-reference.com/players/H/HopkDe00.htm,DeAndreHopkins,https://twitter.com/DeAndreHopkins
HornJo00,Joe Horn,https://www.pro-football-reference.com/players/H/HornJo00.htm,JoeHorn87,https://twitter.com/JoeHorn87
HortCh99,Chris Horton,https://www.pro-football-reference.com/players/H/HortCh99.htm,ThePredator48,https://twitter.com/ThePredator48
HousDa00,Davon House,https://www.pro-football-reference.com/players/H/HousDa00.htm,DavonHouse,https://twitter.com/DavonHouse
HousJu00,Justin Houston,https://www.pro-football-reference.com/players/H/HousJu00.htm,Houston50,https://twitter.com/Houston50
HousLa99,Lamarr Houston,https://www.pro-football-reference.com/players/H/HousLa99.htm,Hupernikao9s,https://twitter.com/Hupernikao9s
HowaCo20,Cordaro Howard,https://www.pro-football-reference.com/players/H/HowaCo20.htm,C_Howard68,https://twitter.com/C_Howard68
HowaDa22,David Howard,https://www.pro-football-reference.com/players/H/HowaDa22.htm,omfootball4205,https://twitter.com/omfootball4205
HowaDe00,Desmond Howard,https://www.pro-football-reference.com/players/H/HowaDe00.htm,DesmondHoward,https://twitter.com/DesmondHoward
HowaTh20,Thomas Howard,https://www.pro-football-reference.com/players/H/HowaTh20.htm,ThomasHoward,https://twitter.com/ThomasHoward
HowaXa00,Xavien Howard,https://www.pro-football-reference.com/players/H/HowaXa00.htm,Iamxavienhoward,https://twitter.com/Iamxavienhoward
HoyeBr00,Brian Hoyer,https://www.pro-football-reference.com/players/H/HoyeBr00.htm,bhoyer7,https://twitter.com/bhoyer7
HudsMa20,Marcus Hudson,https://www.pro-football-reference.com/players/H/HudsMa20.htm,marcushudson23,https://twitter.com/marcushudson23
HuffJo00,Josh Huff,https://www.pro-football-reference.com/players/H/HuffJo00.htm,Josh_Huff1,https://twitter.com/Josh_Huff1
HuffMi20,Michael Huff,https://www.pro-football-reference.com/players/H/HuffMi20.htm,Huffy247,https://twitter.com/Huffy247
HuggFe00,Felton Huggins,https://www.pro-football-reference.com/players/H/HuggFe00.htm,TeezyFbaby12,https://twitter.com/TeezyFbaby12
HughDa99,Dante Hughes,https://www.pro-football-reference.com/players/H/HughDa99.htm,RealLifeDH,https://twitter.com/RealLifeDH
HughNa00,Nate Hughes,https://www.pro-football-reference.com/players/H/HughNa00.htm,skato16,https://twitter.com/skato16
HumpCr00,Creed Humphrey,https://www.pro-football-reference.com/players/H/HumpCr00.htm,creed_humphrey,https://twitter.com/creed_humphrey
HumpD.00,D.J. Humphries,https://www.pro-football-reference.com/players/H/HumpD.00.htm,74_hump,https://twitter.com/74_hump
HundBr00,Brett Hundley,https://www.pro-football-reference.com/players/H/HundBr00.htm,BrettHundley17,https://twitter.com/BrettHundley17
HuntDa01,Danielle Hunter,https://www.pro-football-reference.com/players/H/HuntDa01.htm,DHunt94_TX,https://twitter.com/DHunt94_TX
HuntKe00,Kendall Hunter,https://www.pro-football-reference.com/players/H/HuntKe00.htm,KendallHunter32,https://twitter.com/KendallHunter32
HurdZa00,Zach Hurd,https://www.pro-football-reference.com/players/H/HurdZa00.htm,Hurd78,https://twitter.com/Hurd78
hustemic01,Michael Husted,https://www.pro-football-reference.com/players/H/hustemic01.htm,michaelhusted,https://twitter.com/michaelhusted
HydeCa00,Carlos Hyde,https://www.pro-football-reference.com/players/H/HydeCa00.htm,elguapo,https://twitter.com/elguapo
HynoHe01,Henry Hynoski,https://www.pro-football-reference.com/players/H/HynoHe01.htm,HenryHynoski,https://twitter.com/HenryHynoski
IfedGe00,Germain Ifedi,https://www.pro-football-reference.com/players/I/IfedGe00.htm,GermainX1,https://twitter.com/GermainX1
IfedMa00,Martin Ifedi,https://www.pro-football-reference.com/players/I/IfedMa00.htm,MIfedi,https://twitter.com/MIfedi
IhedJa00,James Ihedigbo,https://www.pro-football-reference.com/players/I/IhedJa00.htm,JamesIhedigbo,https://twitter.com/JamesIhedigbo
IhenCa00,Carl Ihenacho,https://www.pro-football-reference.com/players/I/IhenCa00.htm,Cihenacho,https://twitter.com/Cihenacho
IhenDu00,Duke Ihenacho,https://www.pro-football-reference.com/players/I/IhenDu00.htm,NachoLyfe,https://twitter.com/NachoLyfe
IngrJa20,Jake Ingram,https://www.pro-football-reference.com/players/I/IngrJa20.htm,Jake_Ingram_LS,https://twitter.com/Jake_Ingram_LS
IngrKe00,Kenny Ingram,https://www.pro-football-reference.com/players/I/IngrKe00.htm,KennyIngram43,https://twitter.com/KennyIngram43
IngrMa01,Mark Ingram,https://www.pro-football-reference.com/players/I/IngrMa01.htm,MarkIngram22,https://twitter.com/MarkIngram22
IngrMe00,Melvin Ingram,https://www.pro-football-reference.com/players/I/IngrMe00.htm,MelvinIngram,https://twitter.com/MelvinIngram
IrviBr00,Bruce Irvin,https://www.pro-football-reference.com/players/I/IrviBr00.htm,BIrvin_WVU11,https://twitter.com/BIrvin_WVU11
IrviMi00,Michael Irvin,https://www.pro-football-reference.com/players/I/IrviMi00.htm,michaelirvin88,https://twitter.com/michaelirvin88
IrviIs00,Isaiah Irving,https://www.pro-football-reference.com/players/I/IrviIs00.htm,I_irving53,https://twitter.com/I_irving53
IssaRo00,Rod Issac,https://www.pro-football-reference.com/players/I/IssaRo00.htm,,https://twitter.com/
IveyTr00,Travis Ivey,https://www.pro-football-reference.com/players/I/IveyTr00.htm,TravisIvey202,https://twitter.com/TravisIvey202
IvorCh00,Chris Ivory,https://www.pro-football-reference.com/players/I/IvorCh00.htm,ivory33,https://twitter.com/ivory33
JackMy00,Myles Jack,https://www.pro-football-reference.com/players/J/JackMy00.htm,MylesJack,https://twitter.com/MylesJack
JackAu00,Austin Jackson,https://www.pro-football-reference.com/players/J/JackAu00.htm,ChocoDro,https://twitter.com/ChocoDro
JackBe00,Bennett Jackson,https://www.pro-football-reference.com/players/J/JackBe00.htm,B_Jax2,https://twitter.com/B_Jax2
JackBo00,Bo Jackson,https://www.pro-football-reference.com/players/J/JackBo00.htm,BoJackson,https://twitter.com/BoJackson
JackBr00,Brandon Jackson,https://www.pro-football-reference.com/players/J/JackBr00.htm,bjackson32,https://twitter.com/bjackson32
JackCh99,Chevis Jackson,https://www.pro-football-reference.com/players/J/JackCh99.htm,Co_Jackson21,https://twitter.com/Co_Jackson21
JackDQ20,D'Qwell Jackson,https://www.pro-football-reference.com/players/J/JackDQ20.htm,DQ52,https://twitter.com/DQ52
JackDa01,Darius Jackson,https://www.pro-football-reference.com/players/J/JackDa01.htm,Djackson_6,https://twitter.com/Djackson_6
JackDe00,DeSean Jackson,https://www.pro-football-reference.com/players/J/JackDe00.htm,DeSeanJackson11,https://twitter.com/DeSeanJackson11
JackDr00,Drake Jackson,https://www.pro-football-reference.com/players/J/JackDr00.htm,THE_DRAKE_52,https://twitter.com/THE_DRAKE_52
JackFr02,Fred Jackson,https://www.pro-football-reference.com/players/J/JackFr02.htm,Fred22Jackson,https://twitter.com/Fred22Jackson
JackGa00,Gabe Jackson,https://www.pro-football-reference.com/players/J/JackGa00.htm,bigsmooth61,https://twitter.com/bigsmooth61
JackJa21,Jamaal Jackson,https://www.pro-football-reference.com/players/J/JackJa21.htm,CenterStage67,https://twitter.com/CenterStage67
JackKa99,Kareem Jackson,https://www.pro-football-reference.com/players/J/JackKa99.htm,ReemBoi25,https://twitter.com/ReemBoi25
JackLa98,Lawrence Jackson,https://www.pro-football-reference.com/players/J/JackLa98.htm,LoJackson94,https://twitter.com/LoJackson94
JackRa23,Rashawn Jackson,https://www.pro-football-reference.com/players/J/JackRa23.htm,RashawnJackson2,https://twitter.com/RashawnJackson2
JackSt00,Steven Jackson,https://www.pro-football-reference.com/players/J/JackSt00.htm,sj39,https://twitter.com/sj39
JackTa00,Tarvaris Jackson,https://www.pro-football-reference.com/players/J/JackTa00.htm,7tjackson,https://twitter.com/7tjackson
JackTo01,Tom Jackson,https://www.pro-football-reference.com/players/J/JackTo01.htm,TomJackson57,https://twitter.com/TomJackson57
JackTr00,Tre' Jackson,https://www.pro-football-reference.com/players/J/JackTr00.htm,TreJackson54,https://twitter.com/TreJackson54
JackVi00,Vincent Jackson,https://www.pro-football-reference.com/players/J/JackVi00.htm,VincentTJackson,https://twitter.com/VincentTJackson
JameBr20,Bradie James,https://www.pro-football-reference.com/players/J/JameBr20.htm,bradiejamesgang,https://twitter.com/bradiejamesgang
JameBr00,Brandon James,https://www.pro-football-reference.com/players/J/JameBr00.htm,bjamesk22,https://twitter.com/bjamesk22
JameCo00,Cory James,https://www.pro-football-reference.com/players/J/JameCo00.htm,cmjames_05,https://twitter.com/cmjames_05
JameJa01,Ja'Wuan James,https://www.pro-football-reference.com/players/J/JameJa01.htm,JawuanJames70,https://twitter.com/JawuanJames70
JameJa00,Javarris James,https://www.pro-football-reference.com/players/J/JameJa00.htm,HurricaneJames5,https://twitter.com/HurricaneJames5
JameJe00,Jesse James,https://www.pro-football-reference.com/players/J/JameJe00.htm,JJames18_,https://twitter.com/JJames18_
JameKe00,Kendall James,https://www.pro-football-reference.com/players/J/JameKe00.htm,K__James,https://twitter.com/K__James
JameMi00,Mike James,https://www.pro-football-reference.com/players/J/JameMi00.htm,JefeMikeJames,https://twitter.com/JefeMikeJames
JaniJe00,Jeff Janis,https://www.pro-football-reference.com/players/J/JaniJe00.htm,jrjanis,https://twitter.com/jrjanis
JanoAn00,Andy Janovich,https://www.pro-football-reference.com/players/J/JanoAn00.htm,AndyJanovich,https://twitter.com/AndyJanovich
JansJ.00,J.J. Jansen,https://www.pro-football-reference.com/players/J/JansJ.00.htm,JJJansen44,https://twitter.com/JJJansen44
JarmJe99,Jeremy Jarmon,https://www.pro-football-reference.com/players/J/JarmJe99.htm,DoubleJJ90,https://twitter.com/DoubleJJ90
JarrGr00,Grady Jarrett,https://www.pro-football-reference.com/players/J/JarrGr00.htm,GradyJarrett,https://twitter.com/GradyJarrett
JarrJa00,Jaiquawn Jarrett,https://www.pro-football-reference.com/players/J/JarrJa00.htm,jaiquawnjarrett,https://twitter.com/jaiquawnjarrett
JarrKy00,Kyshoen Jarrett,https://www.pro-football-reference.com/players/J/JarrKy00.htm,Ky3fOUR,https://twitter.com/Ky3fOUR
JaspMi00,Michael Jasper,https://www.pro-football-reference.com/players/J/JaspMi00.htm,BIGshadowMIKE,https://twitter.com/BIGshadowMIKE
JeanSt00,Stanley Jean-Baptiste,https://www.pro-football-reference.com/players/J/JeanSt00.htm,ABC_SJB,https://twitter.com/ABC_SJB
JeanRi99,Ricky Jean-Francois,https://www.pro-football-reference.com/players/J/JeanRi99.htm,rbjf_95,https://twitter.com/rbjf_95
JeanMa20,Max Jean-Gilles,https://www.pro-football-reference.com/players/J/JeanMa20.htm,mjg62,https://twitter.com/mjg62
JeffA.00,A.J. Jefferson,https://www.pro-football-reference.com/players/J/JeffA.00.htm,AJJefferson,https://twitter.com/AJJefferson
JeffAl00,Alshon Jeffery,https://www.pro-football-reference.com/players/J/JeffAl00.htm,TheWorldof_AJ,https://twitter.com/TheWorldof_AJ
JenkA.20,A.J. Jenkins,https://www.pro-football-reference.com/players/J/JenkA.20.htm,AJJenkins15,https://twitter.com/AJJenkins15
JenkCu20,Cullen Jenkins,https://www.pro-football-reference.com/players/J/JenkCu20.htm,CullenJenkins,https://twitter.com/CullenJenkins
JenkJa01,Jarvis Jenkins,https://www.pro-football-reference.com/players/J/JenkJa01.htm,Jarvis99jenkins,https://twitter.com/Jarvis99jenkins
JenkJo01,Jordan Jenkins,https://www.pro-football-reference.com/players/J/JenkJo01.htm,jordanOLB,https://twitter.com/jordanOLB
JenkKr00,Kris Jenkins,https://www.pro-football-reference.com/players/J/JenkKr00.htm,krisjenkins77,https://twitter.com/krisjenkins77
JenkMa99,Malcolm Jenkins,https://www.pro-football-reference.com/players/J/JenkMa99.htm,MalcolmJenkins,https://twitter.com/MalcolmJenkins
JennBr00,Brian Jennings,https://www.pro-football-reference.com/players/J/JennBr00.htm,Jennings141,https://twitter.com/Jennings141
JennGr00,Greg Jennings,https://www.pro-football-reference.com/players/J/JennGr00.htm,GregJennings,https://twitter.com/GregJennings
JennRa00,Rashad Jennings,https://www.pro-football-reference.com/players/J/JennRa00.htm,RashadJennings,https://twitter.com/RashadJennings
JennTi20,Tim Jennings,https://www.pro-football-reference.com/players/J/JennTi20.htm,HennOrJenn26,https://twitter.com/HennOrJenn26
JernJe00,Jerrel Jernigan,https://www.pro-football-reference.com/players/J/JernJe00.htm,JJernigan12,https://twitter.com/JJernigan12
JeudJe00,Jerry Jeudy,https://www.pro-football-reference.com/players/J/JeudJe00.htm,jerryjeudy,https://twitter.com/jerryjeudy
JohnAl01,Alexander Johnson,https://www.pro-football-reference.com/players/J/JohnAl01.htm,Alexander_CB45,https://twitter.com/Alexander_CB45
JohnAn02,Andre Johnson,https://www.pro-football-reference.com/players/J/JohnAn02.htm,johnson80,https://twitter.com/johnson80
JohnAu01,Austin Johnson,https://www.pro-football-reference.com/players/J/JohnAu01.htm,AJohn15,https://twitter.com/AJohn15
JohnBr02,Bryant Johnson,https://www.pro-football-reference.com/players/J/JohnBr02.htm,7BRYANTJOHNSON,https://twitter.com/7BRYANTJOHNSON
JohnCh01,Chad Johnson,https://www.pro-football-reference.com/players/J/JohnCh01.htm,ochocinco,https://twitter.com/ochocinco
JohnCh04,Chris Johnson,https://www.pro-football-reference.com/players/J/JohnCh04.htm,ChrisJohnson28,https://twitter.com/ChrisJohnson28
JohnCh26,Chris Johnson,https://www.pro-football-reference.com/players/J/JohnCh26.htm,ChrisJohnson_37,https://twitter.com/ChrisJohnson_37
JohnDa03,Darcy Johnson,https://www.pro-football-reference.com/players/J/JohnDa03.htm,DARCYJ84,https://twitter.com/DARCYJ84
JohnDa08,David Johnson,https://www.pro-football-reference.com/players/J/JohnDa08.htm,DavidJohnson31,https://twitter.com/DavidJohnson31
JohnDe24,Derrick Johnson,https://www.pro-football-reference.com/players/J/JohnDe24.htm,superdj56,https://twitter.com/superdj56
JohnDo02,Dontae Johnson,https://www.pro-football-reference.com/players/J/JohnDo02.htm,3Johnson6,https://twitter.com/3Johnson6
JohnDu00,Duke Johnson,https://www.pro-football-reference.com/players/J/JohnDu00.htm,DukeJohnson_8,https://twitter.com/DukeJohnson_8
JohnJa01,Jaymar Johnson,https://www.pro-football-reference.com/players/J/JohnJa01.htm,Jaymarjohnson83,https://twitter.com/Jaymarjohnson83
JohnKe04,Kevin Johnson,https://www.pro-football-reference.com/players/J/JohnKe04.htm,KevJr9,https://twitter.com/KevJr9
JohnLa01,Lane Johnson,https://www.pro-football-reference.com/players/J/JohnLa01.htm,Lanejohnson65,https://twitter.com/Lanejohnson65
JohnMa04,Manuel Johnson,https://www.pro-football-reference.com/players/J/JohnMa04.htm,IAmMannyJohnson,https://twitter.com/IAmMannyJohnson
JohnMi23,Mike Johnson,https://www.pro-football-reference.com/players/J/JohnMi23.htm,MPJohnson79,https://twitter.com/MPJohnson79
JohnQu00,Quinn Johnson,https://www.pro-football-reference.com/players/J/JohnQu00.htm,QuinnJohnson_45,https://twitter.com/QuinnJohnson_45
JohnRa98,Rashad Johnson,https://www.pro-football-reference.com/players/J/JohnRa98.htm,49foyamind49,https://twitter.com/49foyamind49
JohnRo99,Robert Johnson,https://www.pro-football-reference.com/players/J/JohnRo99.htm,,https://twitter.com/
JohnSp20,Spencer Johnson,https://www.pro-football-reference.com/players/J/JohnSp20.htm,Spencejohnson91,https://twitter.com/Spencejohnson91
JohnSt01,Stafon Johnson,https://www.pro-football-reference.com/players/J/JohnSt01.htm,Stafonjohnson26,https://twitter.com/Stafonjohnson26
JohnSt00,Stevie Johnson,https://www.pro-football-reference.com/players/J/JohnSt00.htm,StevieJohnson13,https://twitter.com/StevieJohnson13
JohnSt03,Storm Johnson,https://www.pro-football-reference.com/players/J/JohnSt03.htm,StormJohnson8,https://twitter.com/StormJohnson8
JohnTa20,Tank Johnson,https://www.pro-football-reference.com/players/J/JohnTa20.htm,TankJohnson99,https://twitter.com/TankJohnson99
JohnTa01,Taron Johnson,https://www.pro-football-reference.com/players/J/JohnTa01.htm,Taronj11,https://twitter.com/Taronj11
JohnTr20,Travis Johnson,https://www.pro-football-reference.com/players/J/JohnTr20.htm,trapj99,https://twitter.com/trapj99
JohnWe00,Wesley Johnson,https://www.pro-football-reference.com/players/J/JohnWe00.htm,wjohnson67,https://twitter.com/wjohnson67
JohnDa00,Daryl Johnston,https://www.pro-football-reference.com/players/J/JohnDa00.htm,DarylJohnston,https://twitter.com/DarylJohnston
JonePa20,Adam Jones,https://www.pro-football-reference.com/players/J/JonePa20.htm,REALPACMAN24,https://twitter.com/REALPACMAN24
JoneAr22,Arthur Jones,https://www.pro-football-reference.com/players/J/JoneAr22.htm,Artj97,https://twitter.com/Artj97
JoneBr99,Brad Jones,https://www.pro-football-reference.com/players/J/JoneBr99.htm,BradJonesInc,https://twitter.com/BradJonesInc
JoneBy00,Byron Jones,https://www.pro-football-reference.com/players/J/JoneBy00.htm,Byron31Jump,https://twitter.com/Byron31Jump
JoneCa01,Cardale Jones,https://www.pro-football-reference.com/players/J/JoneCa01.htm,Cardale7_,https://twitter.com/Cardale7_
JoneCh03,Chandler Jones,https://www.pro-football-reference.com/players/J/JoneCh03.htm,chanjones55,https://twitter.com/chanjones55
JoneCh09,Chris Jones,https://www.pro-football-reference.com/players/J/JoneCh09.htm,stonecoldjones_,https://twitter.com/stonecoldjones_
JoneD.00,D.J. Jones,https://www.pro-football-reference.com/players/J/JoneD.00.htm,DJ_Jones73,https://twitter.com/DJ_Jones73
JoneDa04,DaQuan Jones,https://www.pro-football-reference.com/players/J/JoneDa04.htm,RiDQulous_98,https://twitter.com/RiDQulous_98
JoneDa03,Datone Jones,https://www.pro-football-reference.com/players/J/JoneDa03.htm,IAM_Dat_One,https://twitter.com/IAM_Dat_One
JoneDe01,Deion Jones,https://www.pro-football-reference.com/players/J/JoneDe01.htm,debo,https://twitter.com/debo
JoneDh20,Dhani Jones,https://www.pro-football-reference.com/players/J/JoneDh20.htm,DhaniJones,https://twitter.com/DhaniJones
JoneDo00,Donald Jones,https://www.pro-football-reference.com/players/J/JoneDo00.htm,Dajones19,https://twitter.com/Dajones19
JoneFe00,Felix Jones,https://www.pro-football-reference.com/players/J/JoneFe00.htm,felixjones28,https://twitter.com/felixjones28
JoneGr01,Greg Jones,https://www.pro-football-reference.com/players/J/JoneGr01.htm,leadblock33,https://twitter.com/leadblock33
JoneJa03,Jacoby Jones,https://www.pro-football-reference.com/players/J/JoneJa03.htm,TheRealJacoby12,https://twitter.com/TheRealJacoby12
JoneJa05,Jarvis Jones,https://www.pro-football-reference.com/players/J/JoneJa05.htm,SacManJones_29,https://twitter.com/SacManJones_29
JoneJu02,Julio Jones,https://www.pro-football-reference.com/players/J/JoneJu02.htm,juliojones_11,https://twitter.com/juliojones_11
JoneMa02,Marvin Jones,https://www.pro-football-reference.com/players/J/JoneMa02.htm,MarvinJonesJr,https://twitter.com/MarvinJonesJr
JoneMa23,Marvin Jones,https://www.pro-football-reference.com/players/J/JoneMa23.htm,MarvinJonesJets,https://twitter.com/MarvinJonesJets
JoneMa04,Matt Jones,https://www.pro-football-reference.com/players/J/JoneMa04.htm,mattjonesrb,https://twitter.com/mattjonesrb
JoneRe99,Reshad Jones,https://www.pro-football-reference.com/players/J/JoneRe99.htm,reshadjones9,https://twitter.com/reshadjones9
JoneT.00,T.J. Jones,https://www.pro-football-reference.com/players/J/JoneT.00.htm,IamTJ_Jones,https://twitter.com/IamTJ_Jones
JoneTa00,Taiwan Jones,https://www.pro-football-reference.com/players/J/JoneTa00.htm,TaiwanJonesNFL,https://twitter.com/TaiwanJonesNFL
JoneWa00,Walter Jones,https://www.pro-football-reference.com/players/J/JoneWa00.htm,BigWalt71,https://twitter.com/BigWalt71
DrewMa00,Maurice Jones-Drew,https://www.pro-football-reference.com/players/D/DrewMa00.htm,MJD,https://twitter.com/MJD
JordCa00,Cameron Jordan,https://www.pro-football-reference.com/players/J/JordCa00.htm,camjordan94,https://twitter.com/camjordan94
JordDi00,Dion Jordan,https://www.pro-football-reference.com/players/J/JordDi00.htm,dionj95,https://twitter.com/dionj95
JoseDa20,Davin Joseph,https://www.pro-football-reference.com/players/J/JoseDa20.htm,DavinJoseph75,https://twitter.com/DavinJoseph75
JoseKa00,Karl Joseph,https://www.pro-football-reference.com/players/J/JoseKa00.htm,_IamKJ8,https://twitter.com/_IamKJ8
JoseKe02,Kelvin Joseph,https://www.pro-football-reference.com/players/J/JoseKe02.htm,bossmanfat1,https://twitter.com/bossmanfat1
JudoMa00,Matt Judon,https://www.pro-football-reference.com/players/J/JudoMa00.htm,man_dammn,https://twitter.com/man_dammn
JuneCa99,Cato June,https://www.pro-football-reference.com/players/J/JuneCa99.htm,CatoJune,https://twitter.com/CatoJune
KaepCo00,Colin Kaepernick,https://www.pro-football-reference.com/players/K/KaepCo00.htm,Kaepernick7,https://twitter.com/Kaepernick7
KaliMa00,Matt Kalil,https://www.pro-football-reference.com/players/K/KaliMa00.htm,,https://twitter.com/
KaliRy20,Ryan Kalil,https://www.pro-football-reference.com/players/K/KaliRy20.htm,RyanKalil,https://twitter.com/RyanKalil
KaluN.20,N.D. Kalu,https://www.pro-football-reference.com/players/K/KaluN.20.htm,NDKalu,https://twitter.com/NDKalu
KariDe00,Deji Karim,https://www.pro-football-reference.com/players/K/KariDe00.htm,KingKarim36,https://twitter.com/KingKarim36
KarrTe00,Ted Karras,https://www.pro-football-reference.com/players/K/KarrTe00.htm,_teddy_k,https://twitter.com/_teddy_k
KaseDr00,Drew Kaser,https://www.pro-football-reference.com/players/K/KaseDr00.htm,drewkaser,https://twitter.com/drewkaser
KaufNa00,Napoleon Kaufman,https://www.pro-football-reference.com/players/K/KaufNa00.htm,napoleonkaufman,https://twitter.com/napoleonkaufman
KearJa00,Jayron Kearse,https://www.pro-football-reference.com/players/K/KearJa00.htm,JayronKearse8,https://twitter.com/JayronKearse8
KeenDa00,Dalton Keene,https://www.pro-football-reference.com/players/K/KeenDa00.htm,DaltonKeene18,https://twitter.com/DaltonKeene18
KeglSt99,Stanford Keglar,https://www.pro-football-reference.com/players/K/KeglSt99.htm,keglar317,https://twitter.com/keglar317
KeisBr20,Brett Keisel,https://www.pro-football-reference.com/players/K/KeisBr20.htm,bkeisel99,https://twitter.com/bkeisel99
KelcJa00,Jason Kelce,https://www.pro-football-reference.com/players/K/KelcJa00.htm,JasonKelce,https://twitter.com/JasonKelce
KellDu00,Dustin Keller,https://www.pro-football-reference.com/players/K/KellDu00.htm,DUSTINKELLER81,https://twitter.com/DUSTINKELLER81
KellBr01,Braxton Kelley,https://www.pro-football-reference.com/players/K/KellBr01.htm,bkelley6456,https://twitter.com/bkelley6456
KellJe01,Jermaine Kelly Jr.,https://www.pro-football-reference.com/players/K/KellJe01.htm,JermaineKelly_3,https://twitter.com/JermaineKelly_3
KellRe00,Reggie Kelly,https://www.pro-football-reference.com/players/K/KellRe00.htm,ReggieKelly82,https://twitter.com/ReggieKelly82
KellRy00,Ryan Kelly,https://www.pro-football-reference.com/players/K/KellRy00.htm,ryan_kelly70,https://twitter.com/ryan_kelly70
KempMa00,Marcus Kemp,https://www.pro-football-reference.com/players/K/KempMa00.htm,MarcusDKemp,https://twitter.com/MarcusDKemp
KendEr00,Eric Kendricks,https://www.pro-football-reference.com/players/K/KendEr00.htm,EricKendricks54,https://twitter.com/EricKendricks54
KennDe00,Devon Kennard,https://www.pro-football-reference.com/players/K/KennDe00.htm,DevonKennard,https://twitter.com/DevonKennard
KennJi21,Jimmy Kennedy,https://www.pro-football-reference.com/players/K/KennJi21.htm,Kennedy73,https://twitter.com/Kennedy73
KerlJe00,Jeremy Kerley,https://www.pro-football-reference.com/players/K/KerlJe00.htm,JKerley11,https://twitter.com/JKerley11
KernBr20,Brett Kern,https://www.pro-football-reference.com/players/K/KernBr20.htm,brettkern6,https://twitter.com/brettkern6
KerrRy00,Ryan Kerrigan,https://www.pro-football-reference.com/players/K/KerrRy00.htm,RyanKerrigan91,https://twitter.com/RyanKerrigan91
KessCo00,Cody Kessler,https://www.pro-football-reference.com/players/K/KessCo00.htm,CodyKessler6,https://twitter.com/CodyKessler6
KikaHa00,Hau'oli Kikaha,https://www.pro-football-reference.com/players/K/KikaHa00.htm,soar44,https://twitter.com/soar44
KilgDa01,Darius Kilgo,https://www.pro-football-reference.com/players/K/KilgDa01.htm,D_kilgo97,https://twitter.com/D_kilgo97
KilgDa00,Daniel Kilgore,https://www.pro-football-reference.com/players/K/KilgDa00.htm,DanielKilgore67,https://twitter.com/DanielKilgore67
KillMi00,Miles Killebrew,https://www.pro-football-reference.com/players/K/KillMi00.htm,MilesKillebrew,https://twitter.com/MilesKillebrew
KindDe00,Derrick Kindred,https://www.pro-football-reference.com/players/K/KindDe00.htm,ddkjr26,https://twitter.com/ddkjr26
KingEr20,Eric King,https://www.pro-football-reference.com/players/K/KingEr20.htm,EKizzle29,https://twitter.com/EKizzle29
KingJu99,Justin King,https://www.pro-football-reference.com/players/K/KingJu99.htm,theking1,https://twitter.com/theking1
KirkJa01,Jake Kirkpatrick,https://www.pro-football-reference.com/players/K/KirkJa01.htm,JKirk76,https://twitter.com/JKirk76
KirkCh00,Christian Kirksey,https://www.pro-football-reference.com/players/K/KirkCh00.htm,Kirksey,https://twitter.com/Kirksey
KluwCh20,Chris Kluwe,https://www.pro-football-reference.com/players/K/KluwCh20.htm,ChrisWarcraft,https://twitter.com/ChrisWarcraft
KnigMa00,Marcus Knight,https://www.pro-football-reference.com/players/K/KnigMa00.htm,maknight3,https://twitter.com/maknight3
KnigTe99,Terrance Knighton,https://www.pro-football-reference.com/players/K/KnigTe99.htm,MisterRoast98,https://twitter.com/MisterRoast98
KnoxJo00,Johnny Knox,https://www.pro-football-reference.com/players/K/KnoxJo00.htm,Jknox13,https://twitter.com/Jknox13
KolbKe00,Kevin Kolb,https://www.pro-football-reference.com/players/K/KolbKe00.htm,KevinKolb_4,https://twitter.com/KevinKolb_4
KomaMa00,Max Komar,https://www.pro-football-reference.com/players/K/KomaMa00.htm,MdKomar18,https://twitter.com/MdKomar18
KouaAr00,Arie Kouandjio,https://www.pro-football-reference.com/players/K/KouaAr00.htm,AKouandjio74,https://twitter.com/AKouandjio74
KouaCy00,Cyrus Kouandjio,https://www.pro-football-reference.com/players/K/KouaCy00.htm,ckouandjio,https://twitter.com/ckouandjio
KoyaBe00,Ben Koyack,https://www.pro-football-reference.com/players/K/KoyaBe00.htm,koymonster,https://twitter.com/koymonster
KrisKe00,Keaton Kristick,https://www.pro-football-reference.com/players/K/KrisKe00.htm,Keaton_Kristick,https://twitter.com/Keaton_Kristick
KrofTy00,Tyler Kroft,https://www.pro-football-reference.com/players/K/KrofTy00.htm,Kroft86,https://twitter.com/Kroft86
KwiaNi00,Nick Kwiatkoski,https://www.pro-football-reference.com/players/K/KwiaNi00.htm,nkwiatkoski27,https://twitter.com/nkwiatkoski27
LaceJa99,Jacob Lacey,https://www.pro-football-reference.com/players/L/LaceJa99.htm,YungLace27,https://twitter.com/YungLace27
LaFeBr00,Brandon LaFell,https://www.pro-football-reference.com/players/L/LaFeBr00.htm,Blafell1,https://twitter.com/Blafell1
LandJi00,Jimmy Landes,https://www.pro-football-reference.com/players/L/LandJi00.htm,jimmy_landes,https://twitter.com/jimmy_landes
LandDa21,Dawan Landry,https://www.pro-football-reference.com/players/L/LandDa21.htm,DLan504,https://twitter.com/DLan504
LandJa00,Jarvis Landry,https://www.pro-football-reference.com/players/L/LandJa00.htm,God_Son80,https://twitter.com/God_Son80
LandLa99,LaRon Landry,https://www.pro-football-reference.com/players/L/LandLa99.htm,MrLandry30,https://twitter.com/MrLandry30
LaneAu99,Austen Lane,https://www.pro-football-reference.com/players/L/LaneAu99.htm,A_Train_92,https://twitter.com/A_Train_92
LangJe00,Jeremy Langford,https://www.pro-football-reference.com/players/L/LangJe00.htm,JeremyLangford,https://twitter.com/JeremyLangford
LangKe98,Kendall Langford,https://www.pro-football-reference.com/players/L/LangKe98.htm,KendallLangford,https://twitter.com/KendallLangford
LascDa00,Daniel Lasco,https://www.pro-football-reference.com/players/L/LascDa00.htm,DLasco2,https://twitter.com/DLasco2
LatiCo00,Cody Latimer,https://www.pro-football-reference.com/players/L/LatiCo00.htm,CodyLatimer14,https://twitter.com/CodyLatimer14
LaurJa99,James Laurinaitis,https://www.pro-football-reference.com/players/L/LaurJa99.htm,JLaurinaitis55,https://twitter.com/JLaurinaitis55
LawlKe00,Kenny Lawler,https://www.pro-football-reference.com/players/L/LawlKe00.htm,K_Law2nice,https://twitter.com/K_Law2nice
LawrDe00,DeMarcus Lawrence,https://www.pro-football-reference.com/players/L/LawrDe00.htm,TankLawrence,https://twitter.com/TankLawrence
LawrTr00,Trevor Lawrence,https://www.pro-football-reference.com/players/L/LawrTr00.htm,trevorlawrencee,https://twitter.com/trevorlawrencee
LawsTr99,Trevor Laws,https://www.pro-football-reference.com/players/L/LawsTr99.htm,TrevorLaws,https://twitter.com/TrevorLaws
LawsGe20,Gerard Lawson,https://www.pro-football-reference.com/players/L/LawsGe20.htm,Glaaw,https://twitter.com/Glaaw
LawsSh00,Shaq Lawson,https://www.pro-football-reference.com/players/L/LawsSh00.htm,Shaq_Lawson90,https://twitter.com/Shaq_Lawson90
LeacVo00,Vonta Leach,https://www.pro-football-reference.com/players/L/LeacVo00.htm,vleach44,https://twitter.com/vleach44
LeafRy00,Ryan Leaf,https://www.pro-football-reference.com/players/L/LeafRy00.htm,RyanDLeaf,https://twitter.com/RyanDLeaf
LeexAn20,Andy Lee,https://www.pro-football-reference.com/players/L/LeexAn20.htm,AndyLee4,https://twitter.com/AndyLee4
LeexDa00,Darron Lee,https://www.pro-football-reference.com/players/L/LeexDa00.htm,DLeeMG8,https://twitter.com/DLeeMG8
LeexJa22,James Lee,https://www.pro-football-reference.com/players/L/LeexJa22.htm,77ways,https://twitter.com/77ways
LeexMa00,Marqise Lee,https://www.pro-football-reference.com/players/L/LeexMa00.htm,TeamLee1,https://twitter.com/TeamLee1
LefeJo00,Joe Lefeged,https://www.pro-football-reference.com/players/L/LefeJo00.htm,JLefeged35,https://twitter.com/JLefeged35
LeggMa99,Maurice Leggett,https://www.pro-football-reference.com/players/L/LeggMa99.htm,almighty31,https://twitter.com/almighty31
LeinMa00,Matt Leinart,https://www.pro-football-reference.com/players/L/LeinMa00.htm,MattLeinartQB,https://twitter.com/MattLeinartQB
LeonBr00,Brian Leonard,https://www.pro-football-reference.com/players/L/LeonBr00.htm,Brian40Leonard,https://twitter.com/Brian40Leonard
LeonDa00,Shaquille Leonard,https://www.pro-football-reference.com/players/L/LeonDa00.htm,dsleon45,https://twitter.com/dsleon45
LeonLy00,Lyle Leong,https://www.pro-football-reference.com/players/L/LeonLy00.htm,CoachLLeong,https://twitter.com/CoachLLeong
LeonJi23,Jim Leonhard,https://www.pro-football-reference.com/players/L/LeonJi23.htm,jimleonhard,https://twitter.com/jimleonhard
LeRiJo00,Josh LeRibeus,https://www.pro-football-reference.com/players/L/LeRiJo00.htm,JLeRibeus,https://twitter.com/JLeRibeus
LeviAn00,Anthony Levine,https://www.pro-football-reference.com/players/L/LeviAn00.htm,ALevine41,https://twitter.com/ALevine41
LeviAn20,Andy Levitre,https://www.pro-football-reference.com/players/L/LeviAn20.htm,LevitreAndy,https://twitter.com/LevitreAndy
LevyDe99,DeAndre Levy,https://www.pro-football-reference.com/players/L/LevyDe99.htm,,https://twitter.com/
LewaTa00,Taylor Lewan,https://www.pro-football-reference.com/players/L/LewaTa00.htm,TaylorLewan77,https://twitter.com/TaylorLewan77
LewiAl01,Alex Lewis,https://www.pro-football-reference.com/players/L/LewiAl01.htm,lewis_flock72,https://twitter.com/lewis_flock72
LewiDe02,Dezmin Lewis,https://www.pro-football-reference.com/players/L/LewiDe02.htm,dezlewis13,https://twitter.com/dezlewis13
LewiDi00,Dion Lewis,https://www.pro-football-reference.com/players/L/LewiDi00.htm,DionLewisRB,https://twitter.com/DionLewisRB
LewiGr01,Greg Lewis,https://www.pro-football-reference.com/players/L/LewiGr01.htm,GLew17,https://twitter.com/GLew17
LewiKe00,Kendrick Lewis,https://www.pro-football-reference.com/players/L/LewiKe00.htm,klewis23,https://twitter.com/klewis23
LewiMa00,Marcedes Lewis,https://www.pro-football-reference.com/players/L/LewiMa00.htm,MarcedesLewis89,https://twitter.com/MarcedesLewis89
LewiMy99,Myron Lewis,https://www.pro-football-reference.com/players/L/LewiMy99.htm,Mylew23,https://twitter.com/Mylew23
LewiRo22,Roy Lewis,https://www.pro-football-reference.com/players/L/LewiRo22.htm,RoyLew34,https://twitter.com/RoyLew34
LewiTe00,Terrell Lewis,https://www.pro-football-reference.com/players/L/LewiTe00.htm,_Real24_,https://twitter.com/_Real24_
LewiTy00,Tyquan Lewis,https://www.pro-football-reference.com/players/L/LewiTy00.htm,PrimeTime_Lewis,https://twitter.com/PrimeTime_Lewis
LewiTy00,Tyquan Lewis,https://www.pro-football-reference.com/players/L/LewiTy00.htm,Tyquanlewis4,https://twitter.com/Tyquanlewis4
LighMa20,Matt Light,https://www.pro-football-reference.com/players/L/LighMa20.htm,LightFoundation,https://twitter.com/LightFoundation
LindBr00,Brandon Linder,https://www.pro-football-reference.com/players/L/LindBr00.htm,BrandonLinder65,https://twitter.com/BrandonLinder65
LindPh00,Phillip Lindsay,https://www.pro-football-reference.com/players/L/LindPh00.htm,I_CU_boy,https://twitter.com/I_CU_boy
LindKo00,Korey Lindsey,https://www.pro-football-reference.com/players/L/LindKo00.htm,koreylindsey21,https://twitter.com/koreylindsey21
LinsCo00,Corey Linsley,https://www.pro-football-reference.com/players/L/LinsCo00.htm,Linsley71,https://twitter.com/Linsley71
LippTo00,Tony Lippett,https://www.pro-football-reference.com/players/L/LippTo00.htm,Tony_Lippett14,https://twitter.com/Tony_Lippett14
ListKo00,Kolby Listenbee,https://www.pro-football-reference.com/players/L/ListKo00.htm,List10bee_Swagg,https://twitter.com/List10bee_Swagg
LiugCo00,Corey Liuget,https://www.pro-football-reference.com/players/L/LiugCo00.htm,CoreyLiuget,https://twitter.com/CoreyLiuget
LloyBr00,Brandon Lloyd,https://www.pro-football-reference.com/players/L/LloyBr00.htm,mrblloyd,https://twitter.com/mrblloyd
LloyRh44,Rhys Lloyd,https://www.pro-football-reference.com/players/L/LloyRh44.htm,rhysjlloyd,https://twitter.com/rhysjlloyd
LockBr00,Bret Lockett,https://www.pro-football-reference.com/players/L/LockBr00.htm,BretLockett26,https://twitter.com/BretLockett26
LockTy00,Tyler Lockett,https://www.pro-football-reference.com/players/L/LockTy00.htm,TDLockett12,https://twitter.com/TDLockett12
LockRi00,Ricardo Lockette,https://www.pro-football-reference.com/players/L/LockRi00.htm,RicardoLockette,https://twitter.com/RicardoLockette
LockSe20,Sean Locklear,https://www.pro-football-reference.com/players/L/LockSe20.htm,SeanLock75,https://twitter.com/SeanLock75
LoftCu99,Curtis Lofton,https://www.pro-football-reference.com/players/L/LoftCu99.htm,CurtisLofton50,https://twitter.com/CurtisLofton50
LogaBe00,Bennie Logan,https://www.pro-football-reference.com/players/L/LogaBe00.htm,da_king_son18,https://twitter.com/da_king_son18
LogaMi20,Mike Logan,https://www.pro-football-reference.com/players/L/LogaMi20.htm,mlogan31,https://twitter.com/mlogan31
LogaSt00,Stefan Logan,https://www.pro-football-reference.com/players/L/LogaSt00.htm,StefLogan11,https://twitter.com/StefLogan11
LongCh99,Chris Long,https://www.pro-football-reference.com/players/L/LongCh99.htm,JOEL9ONE,https://twitter.com/JOEL9ONE
LongHu00,Hunter Long,https://www.pro-football-reference.com/players/L/LongHu00.htm,hunterlong80,https://twitter.com/hunterlong80
LongKy00,Kyle Long,https://www.pro-football-reference.com/players/L/LongKy00.htm,Ky1eLong,https://twitter.com/Ky1eLong
LongSp00,Spencer Long,https://www.pro-football-reference.com/players/L/LongSp00.htm,slong_61,https://twitter.com/slong_61
LoreTy00,Tyler Lorenzen,https://www.pro-football-reference.com/players/L/LoreTy00.htm,TylerLorenzen,https://twitter.com/TylerLorenzen
LottAn20,Andre Lott,https://www.pro-football-reference.com/players/L/LottAn20.htm,ALOTT30,https://twitter.com/ALOTT30
LotuSt00,Star Lotulelei,https://www.pro-football-reference.com/players/L/LotuSt00.htm,BigMollie_Star,https://twitter.com/BigMollie_Star
LouiRi00,Ricardo Louis,https://www.pro-football-reference.com/players/L/LouiRi00.htm,GuttaManRick,https://twitter.com/GuttaManRick
LowrDe00,Dean Lowry,https://www.pro-football-reference.com/players/L/LowrDe00.htm,DeanLowry94,https://twitter.com/DeanLowry94
LucaJo00,Jordan Lucas,https://www.pro-football-reference.com/players/L/LucaJo00.htm,,https://twitter.com/
LuciDe00,Devin Lucien,https://www.pro-football-reference.com/players/L/LuciDe00.htm,D_Lucien15,https://twitter.com/D_Lucien15
LumpRi00,Ricky Lumpkin,https://www.pro-football-reference.com/players/L/LumpRi00.htm,RickyLumpkin,https://twitter.com/RickyLumpkin
LyncAr00,Arthur Lynch,https://www.pro-football-reference.com/players/L/LyncAr00.htm,alynch1788,https://twitter.com/alynch1788
LyncMa00,Marshawn Lynch,https://www.pro-football-reference.com/players/L/LyncMa00.htm,MoneyLynch,https://twitter.com/MoneyLynch
LyncPa00,Paxton Lynch,https://www.pro-football-reference.com/players/L/LyncPa00.htm,PaxtonLynch,https://twitter.com/PaxtonLynch
MackKh00,Khalil Mack,https://www.pro-football-reference.com/players/M/MackKh00.htm,52Mack_,https://twitter.com/52Mack_
MackMa00,Marlon Mack,https://www.pro-football-reference.com/players/M/MackMa00.htm,Marlon_Mack25,https://twitter.com/Marlon_Mack25
MaclJe00,Jeremy Maclin,https://www.pro-football-reference.com/players/M/MaclJe00.htm,jmac___19,https://twitter.com/jmac___19
MadiSa00,Sam Madison,https://www.pro-football-reference.com/players/M/MadiSa00.htm,sammaddie29,https://twitter.com/sammaddie29
MadsJo00,John Madsen,https://www.pro-football-reference.com/players/M/MadsJo00.htm,JOHN_MADSEN,https://twitter.com/JOHN_MADSEN
MageCr00,Craig Mager,https://www.pro-football-reference.com/players/M/MageCr00.htm,CM_Lockdown25,https://twitter.com/CM_Lockdown25
MallRy00,Ryan Mallett,https://www.pro-football-reference.com/players/M/MallRy00.htm,,https://twitter.com/
MandTo20,Tony Mandarich,https://www.pro-football-reference.com/players/M/MandTo20.htm,Tony_Mandarich,https://twitter.com/Tony_Mandarich
MangNi20,Nick Mangold,https://www.pro-football-reference.com/players/M/MangNi20.htm,nickmangold,https://twitter.com/nickmangold
ManlDe00,Dexter Manley,https://www.pro-football-reference.com/players/M/ManlDe00.htm,TheDexterManley,https://twitter.com/TheDexterManley
MannCh00,Charles Mann,https://www.pro-football-reference.com/players/M/MannCh00.htm,CMannVentures,https://twitter.com/CMannVentures
MannMa01,Mario Manningham,https://www.pro-football-reference.com/players/M/MannMa01.htm,ManninghamNYG,https://twitter.com/ManninghamNYG
MannSe00,Sean Mannion,https://www.pro-football-reference.com/players/M/MannSe00.htm,seanmannion4,https://twitter.com/seanmannion4
MannCh01,Chris Manno,https://www.pro-football-reference.com/players/M/MannCh01.htm,Mann_O_Steel17,https://twitter.com/Mann_O_Steel17
ManuEJ00,EJ Manuel,https://www.pro-football-reference.com/players/M/ManuEJ00.htm,EJManuel3,https://twitter.com/EJManuel3
ManuVi20,Vince Manuwai,https://www.pro-football-reference.com/players/M/ManuVi20.htm,GreenBanana65,https://twitter.com/GreenBanana65
ManzJo00,Johnny Manziel,https://www.pro-football-reference.com/players/M/ManzJo00.htm,JManziel2,https://twitter.com/JManziel2
MaraCh99,Chris Maragos,https://www.pro-football-reference.com/players/M/MaraCh99.htm,ChrisMaragos,https://twitter.com/ChrisMaragos
MariMa00,Marc Mariani,https://www.pro-football-reference.com/players/M/MariMa00.htm,marcmariani80,https://twitter.com/marcmariani80
MariDa00,Dan Marino,https://www.pro-football-reference.com/players/M/MariDa00.htm,DanMarino,https://twitter.com/DanMarino
MaroLa00,Laurence Maroney,https://www.pro-football-reference.com/players/M/MaroLa00.htm,LaurenceMaroney,https://twitter.com/LaurenceMaroney
MarsCu01,Curtis Marsh,https://www.pro-football-reference.com/players/M/MarsCu01.htm,curtmarsh31,https://twitter.com/curtmarsh31
MarsBr00,Brandon Marshall,https://www.pro-football-reference.com/players/M/MarsBr00.htm,BMarshall,https://twitter.com/BMarshall
MarsKe00,Keith Marshall,https://www.pro-football-reference.com/players/M/MarsKe00.htm,Truthh4,https://twitter.com/Truthh4
MartGe20,George Martin,https://www.pro-football-reference.com/players/M/MartGe20.htm,GeorgeMartinNYG,https://twitter.com/GeorgeMartinNYG
MartKa00,Kareem Martin,https://www.pro-football-reference.com/players/M/MartKa00.htm,reemthedream_95,https://twitter.com/reemthedream_95
MartMa01,Marcus Martin,https://www.pro-football-reference.com/players/M/MartMa01.htm,TheRealDoubleMs,https://twitter.com/TheRealDoubleMs
MartMa00,Markelle Martin,https://www.pro-football-reference.com/players/M/MartMa00.htm,CoachMar10,https://twitter.com/CoachMar10
MartNi00,Nick Martin,https://www.pro-football-reference.com/players/M/MartNi00.htm,NDmartin72,https://twitter.com/NDmartin72
MartSh99,Sherrod Martin,https://www.pro-football-reference.com/players/M/MartSh99.htm,SherrodMartin23,https://twitter.com/SherrodMartin23
MartZa00,Zack Martin,https://www.pro-football-reference.com/players/M/MartZa00.htm,thegob70,https://twitter.com/thegob70
MartBl01,Blake Martinez,https://www.pro-football-reference.com/players/M/MartBl01.htm,Big__Blake50,https://twitter.com/Big__Blake50
MasoDe00,Derrick Mason,https://www.pro-football-reference.com/players/M/MasoDe00.htm,deemason85,https://twitter.com/deemason85
MasoSh01,Shaq Mason,https://www.pro-football-reference.com/players/M/MasoSh01.htm,ShaqDiesel_70,https://twitter.com/ShaqDiesel_70
MasoTr00,Tre Mason,https://www.pro-football-reference.com/players/M/MasoTr00.htm,TreMason,https://twitter.com/TreMason
MassMo00,Mohamed Massaquoi,https://www.pro-football-reference.com/players/M/MassMo00.htm,MJMassaquoi,https://twitter.com/MJMassaquoi
MataTy00,Tyler Matakevich,https://www.pro-football-reference.com/players/M/MataTy00.htm,44_Matakevich,https://twitter.com/44_Matakevich
MathRy00,Ryan Mathews,https://www.pro-football-reference.com/players/M/MathRy00.htm,rmathews24,https://twitter.com/rmathews24
MathEv20,Evan Mathis,https://www.pro-football-reference.com/players/M/MathEv20.htm,EvanMathis69,https://twitter.com/EvanMathis69
MathRo20,Robert Mathis,https://www.pro-football-reference.com/players/M/MathRo20.htm,RobertMathis98,https://twitter.com/RobertMathis98
MattCh00,Chris Matthews,https://www.pro-football-reference.com/players/M/MattCh00.htm,TheRealCMaTT13,https://twitter.com/TheRealCMaTT13
MattCl99,Clay Matthews,https://www.pro-football-reference.com/players/M/MattCl99.htm,ClayMatthews52,https://twitter.com/ClayMatthews52
MattCl01,Cliff Matthews,https://www.pro-football-reference.com/players/M/MattCl01.htm,Mr_Matthews_,https://twitter.com/Mr_Matthews_
MattJa00,Jake Matthews,https://www.pro-football-reference.com/players/M/MattJa00.htm,jakematthews70,https://twitter.com/jakematthews70
MattJo00,Jordan Matthews,https://www.pro-football-reference.com/players/M/MattJo00.htm,jmattjmattjmatt,https://twitter.com/jmattjmattjmatt
MattMi00,Michael Matthews,https://www.pro-football-reference.com/players/M/MattMi00.htm,MikeMatthews88,https://twitter.com/MikeMatthews88
MauaRe99,Rey Maualuga,https://www.pro-football-reference.com/players/M/MauaRe99.htm,maualuga58,https://twitter.com/maualuga58
MauiRe00,Reagan Maui'a,https://www.pro-football-reference.com/players/M/MauiRe00.htm,Reagan_Mauia45,https://twitter.com/Reagan_Mauia45
MaulLo00,Lorenzo Mauldin,https://www.pro-football-reference.com/players/M/MaulLo00.htm,LozoIV,https://twitter.com/LozoIV
MayxMa00,Mark May,https://www.pro-football-reference.com/players/M/MayxMa00.htm,mark_may,https://twitter.com/mark_may
MaybAa99,Aaron Maybin,https://www.pro-football-reference.com/players/M/MaybAa99.htm,AaronMMaybin,https://twitter.com/AaronMMaybin
MaylVi00,Vince Mayle,https://www.pro-football-reference.com/players/M/MaylVi00.htm,Vince_Mayle,https://twitter.com/Vince_Mayle
MayoDa00,David Mayo,https://www.pro-football-reference.com/players/M/MayoDa00.htm,Mayo_Man_3,https://twitter.com/Mayo_Man_3
McAfPa44,Pat McAfee,https://www.pro-football-reference.com/players/M/McAfPa44.htm,PatMcAfeeShow,https://twitter.com/PatMcAfeeShow
McAlDe00,Deuce McAllister,https://www.pro-football-reference.com/players/M/McAlDe00.htm,dmcallister26,https://twitter.com/dmcallister26
McBrTr00,Tre McBride,https://www.pro-football-reference.com/players/M/McBrTr00.htm,Uno_Dos_Tre3,https://twitter.com/Uno_Dos_Tre3
McBrTr99,Trumaine McBride,https://www.pro-football-reference.com/players/M/McBrTr99.htm,TruMcBride,https://twitter.com/TruMcBride
McCaEd00,Ed McCaffrey,https://www.pro-football-reference.com/players/M/McCaEd00.htm,87ed,https://twitter.com/87ed
McCaBr99,Brice McCain,https://www.pro-football-reference.com/players/M/McCaBr99.htm,McCain21,https://twitter.com/McCain21
McCaBr01,Bryan McCann,https://www.pro-football-reference.com/players/M/McCaBr01.htm,bmac929,https://twitter.com/bmac929
McCaA.00,A.J. McCarron,https://www.pro-football-reference.com/players/M/McCaA.00.htm,10AJMcCarron,https://twitter.com/10AJMcCarron
McCaCo00,Colin McCarthy,https://www.pro-football-reference.com/players/M/McCaCo00.htm,COLINMcCARTHY52,https://twitter.com/COLINMcCARTHY52
McCaKy00,Kyle McCarthy,https://www.pro-football-reference.com/players/M/McCaKy00.htm,KMcCarthy28,https://twitter.com/KMcCarthy28
McCaMa99,Marcus McCauley,https://www.pro-football-reference.com/players/M/McCaMa99.htm,Mccauley21,https://twitter.com/Mccauley21
McClLe00,Le'Ron McClain,https://www.pro-football-reference.com/players/M/McClLe00.htm,LeRon_McClain33,https://twitter.com/LeRon_McClain33
McClJa20,Jacques McClendon,https://www.pro-football-reference.com/players/M/McClJa20.htm,jmcc65,https://twitter.com/jmcc65
McClSk20,Skip McClendon,https://www.pro-football-reference.com/players/M/McClSk20.htm,SkipMcClendon,https://twitter.com/SkipMcClendon
McClTo20,Todd McClure,https://www.pro-football-reference.com/players/M/McClTo20.htm,ToddMcclure62,https://twitter.com/ToddMcclure62
McClDe00,Dexter McCluster,https://www.pro-football-reference.com/players/M/McClDe00.htm,dextermccluster,https://twitter.com/dextermccluster
McCoDe99,Devin McCourty,https://www.pro-football-reference.com/players/M/McCoDe99.htm,McCourtyTwins,https://twitter.com/McCourtyTwins
McCoJa99,Jason McCourty,https://www.pro-football-reference.com/players/M/McCoJa99.htm,McCourtyTwins,https://twitter.com/McCourtyTwins
McCoCo00,Colt McCoy,https://www.pro-football-reference.com/players/M/McCoCo00.htm,ColtMcCoy,https://twitter.com/ColtMcCoy
McCoGe99,Gerald McCoy,https://www.pro-football-reference.com/players/M/McCoGe99.htm,Geraldini93,https://twitter.com/Geraldini93
McCrBo20,Bobby McCray,https://www.pro-football-reference.com/players/M/McCrBo20.htm,bobbymccray,https://twitter.com/bobbymccray
McCrDa00,Danny McCray,https://www.pro-football-reference.com/players/M/McCrDa00.htm,dannydmac44,https://twitter.com/dannydmac44
McCuDa00,Daniel McCullers,https://www.pro-football-reference.com/players/M/McCuDa00.htm,QBGGilbert,https://twitter.com/QBGGilbert
McDaTo20,Tony McDaniel,https://www.pro-football-reference.com/players/M/McDaTo20.htm,TonyMcDaniel78,https://twitter.com/TonyMcDaniel78
McDoBr99,Brandon McDonald,https://www.pro-football-reference.com/players/M/McDoBr99.htm,bmac_n_cheese22,https://twitter.com/bmac_n_cheese22
McDoDe02,Dexter McDonald,https://www.pro-football-reference.com/players/M/McDoDe02.htm,Dex_Mac,https://twitter.com/Dex_Mac
McDoDe00,Dexter McDougle,https://www.pro-football-reference.com/players/M/McDoDe00.htm,Blasian_Kiddd,https://twitter.com/Blasian_Kiddd
McElGr00,Greg McElroy,https://www.pro-football-reference.com/players/M/McElGr00.htm,GregMcElroy,https://twitter.com/GregMcElroy
McFaBr20,Bryant McFadden,https://www.pro-football-reference.com/players/M/McFaBr20.htm,25mcfadden,https://twitter.com/25mcfadden
McFaDa00,Darren McFadden,https://www.pro-football-reference.com/players/M/McFaDa00.htm,dmcfadden20,https://twitter.com/dmcfadden20
McFaWa99,Walter McFadden,https://www.pro-football-reference.com/players/M/McFaWa99.htm,Wheezy6,https://twitter.com/Wheezy6
McGaWi00,Willis McGahee,https://www.pro-football-reference.com/players/M/McGaWi00.htm,WillisMcGahee,https://twitter.com/WillisMcGahee
McGeSt00,Stephen McGee,https://www.pro-football-reference.com/players/M/McGeSt00.htm,StephenMcGee07,https://twitter.com/StephenMcGee07
McGiKe00,Keith McGill,https://www.pro-football-reference.com/players/M/McGiKe00.htm,SpotliteUno,https://twitter.com/SpotliteUno
McGiWi00,Willie McGinest,https://www.pro-football-reference.com/players/M/McGiWi00.htm,WillieMcGinest,https://twitter.com/WillieMcGinest
McGoCo00,Connor McGovern,https://www.pro-football-reference.com/players/M/McGoCo00.htm,McGovenator60,https://twitter.com/McGovenator60
McKeMi20,Mike McKenzie,https://www.pro-football-reference.com/players/M/McKeMi20.htm,,https://twitter.com/
McKeMi20,Mike McKenzie,https://www.pro-football-reference.com/players/M/McKeMi20.htm,MikeMcKenzie34w,https://twitter.com/MikeMcKenzie34w
McKiJa00,Jason McKie,https://www.pro-football-reference.com/players/M/McKiJa00.htm,Jmack37,https://twitter.com/Jmack37
McKiSc99,Scott McKillop,https://www.pro-football-reference.com/players/M/McKiSc99.htm,smckillop59,https://twitter.com/smckillop59
McKiBe00,Benardrick McKinney,https://www.pro-football-reference.com/players/M/McKiBe00.htm,bm1157,https://twitter.com/bm1157
McKiBr20,Brandon McKinney,https://www.pro-football-reference.com/players/M/McKiBr20.htm,bmack_83,https://twitter.com/bmack_83
McKiBr21,Bryant McKinnie,https://www.pro-football-reference.com/players/M/McKiBr21.htm,BryantMckinnie,https://twitter.com/BryantMckinnie
McKiJe00,Jerick McKinnon,https://www.pro-football-reference.com/players/M/McKiJe00.htm,JetMckinnon1,https://twitter.com/JetMckinnon1
McMiRa01,Randy McMichael,https://www.pro-football-reference.com/players/M/McMiRa01.htm,randymac81,https://twitter.com/randymac81
McMiEr00,Erik McMillan,https://www.pro-football-reference.com/players/M/McMiEr00.htm,erikmcmillan,https://twitter.com/erikmcmillan
McNeAl00,Alim McNeill,https://www.pro-football-reference.com/players/M/McNeAl00.htm,AlimMcneill,https://twitter.com/AlimMcneill
McNeMa20,Marcus McNeill,https://www.pro-football-reference.com/players/M/McNeMa20.htm,MarcusMcNeill73,https://twitter.com/MarcusMcNeill73
McNeMi00,Mike McNeill,https://www.pro-football-reference.com/players/M/McNeMi00.htm,Mike_McNeill82,https://twitter.com/Mike_McNeill82
McRaGe99,Gerald McRath,https://www.pro-football-reference.com/players/M/McRaGe99.htm,4everUSM24,https://twitter.com/4everUSM24
MebaBr99,Brandon Mebane,https://www.pro-football-reference.com/players/M/MebaBr99.htm,Mebane92,https://twitter.com/Mebane92
MeinQu02,Quinn Meinerz,https://www.pro-football-reference.com/players/M/MeinQu02.htm,QMeinerz,https://twitter.com/QMeinerz
MeltHe99,Henry Melton,https://www.pro-football-reference.com/players/M/MeltHe99.htm,HenMel,https://twitter.com/HenMel
MendRa00,Rashard Mendenhall,https://www.pro-football-reference.com/players/M/MendRa00.htm,R_Mendenhall,https://twitter.com/R_Mendenhall
MercWh00,Whitney Mercilus,https://www.pro-football-reference.com/players/M/MercWh00.htm,Merci380,https://twitter.com/Merci380
MeriBr99,Brandon Meriweather,https://www.pro-football-reference.com/players/M/MeriBr99.htm,BMeriweather31,https://twitter.com/BMeriweather31
MerrSh99,Shawne Merriman,https://www.pro-football-reference.com/players/M/MerrSh99.htm,shawnemerriman,https://twitter.com/shawnemerriman
MeskZo99,Zoltan Mesko,https://www.pro-football-reference.com/players/M/MeskZo99.htm,ZoltanMesko,https://twitter.com/ZoltanMesko
MettZa00,Zach Mettenberger,https://www.pro-football-reference.com/players/M/MettZa00.htm,,https://twitter.com/
MewhJa00,Jack Mewhort,https://www.pro-football-reference.com/players/M/MewhJa00.htm,jackmewhort,https://twitter.com/jackmewhort
MikeQu20,Quintin Mikell,https://www.pro-football-reference.com/players/M/MikeQu20.htm,QMikell27,https://twitter.com/QMikell27
MillTr00,Trey Millard,https://www.pro-football-reference.com/players/M/MillTr00.htm,fat_daddy33,https://twitter.com/fat_daddy33
MillBi00,Billy Miller,https://www.pro-football-reference.com/players/M/MillBi00.htm,BillyMiller83,https://twitter.com/BillyMiller83
MillBr03,Braxton Miller,https://www.pro-football-reference.com/players/M/MillBr03.htm,BraxtonMiller5,https://twitter.com/BraxtonMiller5
MillBr02,Bruce Miller,https://www.pro-football-reference.com/players/M/MillBr02.htm,BruceMill49er,https://twitter.com/BruceMill49er
MillCo20,Corey Miller,https://www.pro-football-reference.com/players/M/MillCo20.htm,pastorofpain,https://twitter.com/pastorofpain
MillHa00,Harlan Miller,https://www.pro-football-reference.com/players/M/MillHa00.htm,poppaC01,https://twitter.com/poppaC01
MillJo04,John Miller,https://www.pro-football-reference.com/players/M/MillJo04.htm,jmill_70,https://twitter.com/jmill_70
MillLo00,Lonyae Miller,https://www.pro-football-reference.com/players/M/MillLo00.htm,yeezy35,https://twitter.com/yeezy35
MillNi00,Nick Miller,https://www.pro-football-reference.com/players/M/MillNi00.htm,NickMiller89,https://twitter.com/NickMiller89
MillPr00,Prince Miller,https://www.pro-football-reference.com/players/M/MillPr00.htm,Sheeeesh_Miller,https://twitter.com/Sheeeesh_Miller
MillVo00,Von Miller,https://www.pro-football-reference.com/players/M/MillVo00.htm,VonMiller,https://twitter.com/VonMiller
MillZa02,Zach Miller,https://www.pro-football-reference.com/players/M/MillZa02.htm,ZMiller86,https://twitter.com/ZMiller86
MillDe00,Dee Milliner,https://www.pro-football-reference.com/players/M/MillDe00.htm,DeeMilliner28,https://twitter.com/DeeMilliner28
MillLa00,Lawyer Milloy,https://www.pro-football-reference.com/players/M/MillLa00.htm,LawyerMilloy,https://twitter.com/LawyerMilloy
MillJa02,Jalen Mills,https://www.pro-football-reference.com/players/M/MillJa02.htm,greengoblin,https://twitter.com/greengoblin
MincJe99,Jeremy Mincey,https://www.pro-football-reference.com/players/M/MincJe99.htm,MrMince94,https://twitter.com/MrMince94
MingBa00,Barkevious Mingo,https://www.pro-football-reference.com/players/M/MingBa00.htm,keke_mingo,https://twitter.com/keke_mingo
MinoBr00,Brandon Minor,https://www.pro-football-reference.com/players/M/MinoBr00.htm,BMinor36,https://twitter.com/BMinor36
MitcTe01,Tevin Mitchel,https://www.pro-football-reference.com/players/M/MitcTe01.htm,TevinMitchel23,https://twitter.com/TevinMitchel23
MitcBr00,Brian Mitchell,https://www.pro-football-reference.com/players/M/MitcBr00.htm,BmitchliveCSN,https://twitter.com/BmitchliveCSN
MitcCa00,Carlton Mitchell,https://www.pro-football-reference.com/players/M/MitcCa00.htm,C_Mitch18,https://twitter.com/C_Mitch18
MitcCh01,Charles Mitchell,https://www.pro-football-reference.com/players/M/MitcCh01.htm,cmitch412,https://twitter.com/cmitch412
MitcEa99,Earl Mitchell,https://www.pro-football-reference.com/players/M/MitcEa99.htm,EarlMitchell90,https://twitter.com/EarlMitchell90
MitcFr00,Freddie Mitchell,https://www.pro-football-reference.com/players/M/MitcFr00.htm,FMitchell84,https://twitter.com/FMitchell84
MitcKa20,Kawika Mitchell,https://www.pro-football-reference.com/players/M/MitcKa20.htm,KawikaMitchell,https://twitter.com/KawikaMitchell
MitcMa01,Malcolm Mitchell,https://www.pro-football-reference.com/players/M/MitcMa01.htm,GA,https://twitter.com/GA
MitcMi99,Mike Mitchell,https://www.pro-football-reference.com/players/M/MitcMi99.htm,iammikemitchell,https://twitter.com/iammikemitchell
MitcTe00,Terrance Mitchell,https://www.pro-football-reference.com/players/M/MitcTe00.htm,mr_reloaded9,https://twitter.com/mr_reloaded9
MoatAr00,Arthur Moats,https://www.pro-football-reference.com/players/M/MoatAr00.htm,dabody52,https://twitter.com/dabody52
MoldAn99,Antwaun Molden,https://www.pro-football-reference.com/players/M/MoldAn99.htm,AntwaunMolden,https://twitter.com/AntwaunMolden
MoncDo00,Donte Moncrief,https://www.pro-football-reference.com/players/M/MoncDo00.htm,drm_12,https://twitter.com/drm_12
MonrEu20,Eugene Monroe,https://www.pro-football-reference.com/players/M/MonrEu20.htm,MrEugeneMonroe,https://twitter.com/MrEugeneMonroe
MontTy01,Ty Montgomery,https://www.pro-football-reference.com/players/M/MontTy01.htm,TyMontgomery2,https://twitter.com/TyMontgomery2
MoonWa00,Warren Moon,https://www.pro-football-reference.com/players/M/MoonWa00.htm,WMoon1,https://twitter.com/WMoon1
MoorCh00,Chris Moore,https://www.pro-football-reference.com/players/M/MoorCh00.htm,,https://twitter.com/
MoorDJ99,D.J. Moore,https://www.pro-football-reference.com/players/M/MoorDJ99.htm,DJMoore30,https://twitter.com/DJMoore30
MoorDe02,Denarius Moore,https://www.pro-football-reference.com/players/M/MoorDe02.htm,DenariusMoore,https://twitter.com/DenariusMoore
MoorEv00,Evan Moore,https://www.pro-football-reference.com/players/M/MoorEv00.htm,evanmoore89,https://twitter.com/evanmoore89
MoorKa99,Kareem Moore,https://www.pro-football-reference.com/players/M/MoorKa99.htm,KMO41AMN,https://twitter.com/KMO41AMN
MoorKe00,Kenny Moore,https://www.pro-football-reference.com/players/M/MoorKe00.htm,KennyMoore1,https://twitter.com/KennyMoore1
MoorKe03,Kenny Moore,https://www.pro-football-reference.com/players/M/MoorKe03.htm,KennyKennyMoe3,https://twitter.com/KennyKennyMoe3
MoorKy99,Kyle Moore,https://www.pro-football-reference.com/players/M/MoorKy99.htm,kylemoore94,https://twitter.com/kylemoore94
MoorLa00,Lance Moore,https://www.pro-football-reference.com/players/M/MoorLa00.htm,LanceMoore16,https://twitter.com/LanceMoore16
MoorSt00,Sterling Moore,https://www.pro-football-reference.com/players/M/MoorSt00.htm,SterlingMoore,https://twitter.com/SterlingMoore
MoorWi99,William Moore,https://www.pro-football-reference.com/players/M/MoorWi99.htm,WillyMo_25,https://twitter.com/WillyMo_25
MoorZa00,Zach Moore,https://www.pro-football-reference.com/players/M/MoorZa00.htm,zachmoore_90,https://twitter.com/zachmoore_90
MoorBr24,Brian Moorman,https://www.pro-football-reference.com/players/M/MoorBr24.htm,brianmoorman,https://twitter.com/brianmoorman
MoreKn00,Knowshon Moreno,https://www.pro-football-reference.com/players/M/MoreKn00.htm,knowshonmoreno,https://twitter.com/knowshonmoreno
MorgDa01,David Morgan,https://www.pro-football-reference.com/players/M/MorgDa01.htm,DMORG_82,https://twitter.com/DMORG_82
MorgDe99,Derrick Morgan,https://www.pro-football-reference.com/players/M/MorgDe99.htm,dmorg91,https://twitter.com/dmorg91
MorgJa00,James Morgan,https://www.pro-football-reference.com/players/M/MorgJa00.htm,Jmoneyyy12,https://twitter.com/Jmoneyyy12
MorgJo01,Joe Morgan,https://www.pro-football-reference.com/players/M/MorgJo01.htm,jmthegreat,https://twitter.com/jmthegreat
MorrCa00,Cameron Morrah,https://www.pro-football-reference.com/players/M/MorrCa00.htm,CMorrahEighty8,https://twitter.com/CMorrahEighty8
MorrKi20,Kirk Morrison,https://www.pro-football-reference.com/players/M/MorrKi20.htm,kirkmorrison,https://twitter.com/kirkmorrison
MorsMi00,Mitch Morse,https://www.pro-football-reference.com/players/M/MorsMi00.htm,MMorse61,https://twitter.com/MMorse61
MorsTh00,Thomas Morstead,https://www.pro-football-reference.com/players/M/MorsTh00.htm,thomasmorstead,https://twitter.com/thomasmorstead
MoseMo00,Morgan Moses,https://www.pro-football-reference.com/players/M/MoseMo00.htm,Moe_Foundation,https://twitter.com/Moe_Foundation
MossJa99,Jarvis Moss,https://www.pro-football-reference.com/players/M/MossJa99.htm,MoSSwag94,https://twitter.com/MoSSwag94
MossRa00,Randy Moss,https://www.pro-football-reference.com/players/M/MossRa00.htm,RandyMoss,https://twitter.com/RandyMoss
MossSa00,Santana Moss,https://www.pro-football-reference.com/players/M/MossSa00.htm,EIGHTTODANINE,https://twitter.com/EIGHTTODANINE
MossSi00,Sinorice Moss,https://www.pro-football-reference.com/players/M/MossSi00.htm,sinoricemoss,https://twitter.com/sinoricemoss
MossZa00,Zack Moss,https://www.pro-football-reference.com/players/M/MossZa00.htm,famousmoss,https://twitter.com/famousmoss
MounDe00,Deiontrez Mount,https://www.pro-football-reference.com/players/M/MounDe00.htm,dee_mount,https://twitter.com/dee_mount
MoutRy99,Ryan Mouton,https://www.pro-football-reference.com/players/M/MoutRy99.htm,RMout29,https://twitter.com/RMout29
MuckRo99,Roddrick Muckelroy,https://www.pro-football-reference.com/players/M/MuckRo99.htm,youngMuck38,https://twitter.com/youngMuck38
MughOv00,Ovie Mughelli,https://www.pro-football-reference.com/players/M/MughOv00.htm,oviemughelli34,https://twitter.com/oviemughelli34
MumpKe00,Keith Mumphery,https://www.pro-football-reference.com/players/M/MumpKe00.htm,GeorgiaBoi25,https://twitter.com/GeorgiaBoi25
MundRy00,Ryan Mundy,https://www.pro-football-reference.com/players/M/MundRy00.htm,RyanGMundy,https://twitter.com/RyanGMundy
MunnCa99,Captain Munnerlyn,https://www.pro-football-reference.com/players/M/MunnCa99.htm,captain_41,https://twitter.com/captain_41
MurpJe99,Jerome Murphy,https://www.pro-football-reference.com/players/M/MurpJe99.htm,Aagent23,https://twitter.com/Aagent23
MurpKy00,Kyle Murphy,https://www.pro-football-reference.com/players/M/MurpKy00.htm,KyleMurphy68,https://twitter.com/KyleMurphy68
MurpLo00,Louis Murphy,https://www.pro-football-reference.com/players/M/MurpLo00.htm,murph918,https://twitter.com/murph918
MurpMa03,Marcus Murphy,https://www.pro-football-reference.com/players/M/MurpMa03.htm,mmurphy6,https://twitter.com/mmurphy6
MurpRy00,Ryan Murphy,https://www.pro-football-reference.com/players/M/MurpRy00.htm,R_murphy25,https://twitter.com/R_murphy25
MurpTr00,Trent Murphy,https://www.pro-football-reference.com/players/M/MurpTr00.htm,TMurphy_93,https://twitter.com/TMurphy_93
MurrAa00,Aaron Murray,https://www.pro-football-reference.com/players/M/MurrAa00.htm,aaronmurray11,https://twitter.com/aaronmurray11
MurrDe00,DeMarco Murray,https://www.pro-football-reference.com/players/M/MurrDe00.htm,DeMarcoMurray,https://twitter.com/DeMarcoMurray
MurrKe00,Kenneth Murray,https://www.pro-football-reference.com/players/M/MurrKe00.htm,KennethMurray,https://twitter.com/KennethMurray
MurrRi00,Rico Murray,https://www.pro-football-reference.com/players/M/MurrRi00.htm,Mr513RicoMurray,https://twitter.com/Mr513RicoMurray
MustCh00,Chad Mustard,https://www.pro-football-reference.com/players/M/MustCh00.htm,oldmud40,https://twitter.com/oldmud40
MyerBr00,Brandon Myers,https://www.pro-football-reference.com/players/M/MyerBr00.htm,myersb83,https://twitter.com/myersb83
MyerCh20,Chris Myers,https://www.pro-football-reference.com/players/M/MyerCh20.htm,CMyers55,https://twitter.com/CMyers55
MyerJo00,Josh Myers,https://www.pro-football-reference.com/players/M/MyerJo00.htm,josh_myers71,https://twitter.com/josh_myers71
NaanLe00,Legedu Naanee,https://www.pro-football-reference.com/players/N/NaanLe00.htm,naanee11,https://twitter.com/naanee11
NadiJe00,Jesse Nading,https://www.pro-football-reference.com/players/N/NadiJe00.htm,jessenading,https://twitter.com/jessenading
NamaJo00,Joe Namath,https://www.pro-football-reference.com/players/N/NamaJo00.htm,RealJoeNamath,https://twitter.com/RealJoeNamath
NassCa00,Carl Nassib,https://www.pro-football-reference.com/players/N/NassCa00.htm,CarlNassib,https://twitter.com/CarlNassib
NdukCh99,Nedu Ndukwe,https://www.pro-football-reference.com/players/N/NdukCh99.htm,ndukwe,https://twitter.com/ndukwe
NealKe01,Keanu Neal,https://www.pro-football-reference.com/players/N/NealKe01.htm,Keanu_Neal,https://twitter.com/Keanu_Neal
NealLo00,Lorenzo Neal,https://www.pro-football-reference.com/players/N/NealLo00.htm,LorenzoNeal,https://twitter.com/LorenzoNeal
NealMi99,Mike Neal,https://www.pro-football-reference.com/players/N/NealMi99.htm,mneal96,https://twitter.com/mneal96
NeilCh00,Chris Neild,https://www.pro-football-reference.com/players/N/NeilCh00.htm,TruckNeild,https://twitter.com/TruckNeild
NelsCo00,Corey Nelson,https://www.pro-football-reference.com/players/N/NelsCo00.htm,C_Ne7son,https://twitter.com/C_Ne7son
NelsDa01,David Nelson,https://www.pro-football-reference.com/players/N/NelsDa01.htm,DavidNelson86,https://twitter.com/DavidNelson86
NelsJJ00,JJ Nelson,https://www.pro-football-reference.com/players/N/NelsJJ00.htm,_ThaJizzleMan,https://twitter.com/_ThaJizzleMan
NelsQu00,Quenton Nelson,https://www.pro-football-reference.com/players/N/NelsQu00.htm,BigQ56,https://twitter.com/BigQ56
NelsSh00,Shawn Nelson,https://www.pro-football-reference.com/players/N/NelsSh00.htm,shawnnelson83,https://twitter.com/shawnnelson83
NelsSt01,Steven Nelson,https://www.pro-football-reference.com/players/N/NelsSt01.htm,Nelson_Island,https://twitter.com/Nelson_Island
NelsTo00,Tom Nelson,https://www.pro-football-reference.com/players/N/NelsTo00.htm,TNelson_9,https://twitter.com/TNelson_9
NewhMa20,Marshall Newhouse,https://www.pro-football-reference.com/players/N/NewhMa20.htm,MNewhouse74,https://twitter.com/MNewhouse74
NewsGr00,Greg Newsome II,https://www.pro-football-reference.com/players/N/NewsGr00.htm,gnewsii,https://twitter.com/gnewsii
NgakYa00,Yannick Ngakoue,https://www.pro-football-reference.com/players/N/NgakYa00.htm,YannGetSacks91,https://twitter.com/YannGetSacks91
NianLu00,Lucas Niang,https://www.pro-football-reference.com/players/N/NianLu00.htm,Kbniang8,https://twitter.com/Kbniang8
NichSt99,Stephen Nicholas,https://www.pro-football-reference.com/players/N/NichSt99.htm,SNicholas54,https://twitter.com/SNicholas54
NichAa00,Aaron Nichols,https://www.pro-football-reference.com/players/N/NichAa00.htm,a46nich,https://twitter.com/a46nich
NicoDa00,Dadi Nicolas,https://www.pro-football-reference.com/players/N/NicoDa00.htm,YYBAQB,https://twitter.com/YYBAQB
NiswRu20,Rudy Niswanger,https://www.pro-football-reference.com/players/N/NiswRu20.htm,RudyNiswanger,https://twitter.com/RudyNiswanger
NixILo00,Louis Nix,https://www.pro-football-reference.com/players/N/NixILo00.htm,1irishchocolate,https://twitter.com/1irishchocolate
NkemRo00,Robert Nkemdiche,https://www.pro-football-reference.com/players/N/NkemRo00.htm,TheLegendMerlin,https://twitter.com/TheLegendMerlin
NorwJo00,Jordan Norwood,https://www.pro-football-reference.com/players/N/NorwJo00.htm,jordaNorwood,https://twitter.com/jordaNorwood
NorwKe00,Kevin Norwood,https://www.pro-football-reference.com/players/N/NorwKe00.htm,MrClutch_83,https://twitter.com/MrClutch_83
NwanUc20,Uche Nwaneri,https://www.pro-football-reference.com/players/N/NwanUc20.htm,Chukwu77,https://twitter.com/Chukwu77
NzeoMa00,Mark Nzeocha,https://www.pro-football-reference.com/players/N/NzeoMa00.htm,MNzeocha,https://twitter.com/MNzeocha
ODonPa00,Pat O'Donnell,https://www.pro-football-reference.com/players/O/ODonPa00.htm,PatODonnell_16,https://twitter.com/PatODonnell_16
OLeaNi00,Nick O'Leary,https://www.pro-football-reference.com/players/O/OLeaNi00.htm,NickOleary35,https://twitter.com/NickOleary35
ObenRo20,Roman Oben,https://www.pro-football-reference.com/players/O/ObenRo20.htm,R_Oben,https://twitter.com/R_Oben
OdhiRe00,Rees Odhiambo,https://www.pro-football-reference.com/players/O/OdhiRe00.htm,Rees_o71,https://twitter.com/Rees_o71
OdigOs00,Osa Odighizuwa,https://www.pro-football-reference.com/players/O/OdigOs00.htm,osagoeshard,https://twitter.com/osagoeshard
OdigOw00,Owamagbe Odighizuwa,https://www.pro-football-reference.com/players/O/OdigOw00.htm,LPJ_Odighizuwa,https://twitter.com/LPJ_Odighizuwa
OdomAn20,Antwan Odom,https://www.pro-football-reference.com/players/O/OdomAn20.htm,AntwanOdom98,https://twitter.com/AntwanOdom98
OdriJa99,Jared Odrick,https://www.pro-football-reference.com/players/O/OdriJa99.htm,JaredOdrick,https://twitter.com/JaredOdrick
OdumGe00,George Odum,https://www.pro-football-reference.com/players/O/OdumGe00.htm,GeorgeOdum,https://twitter.com/GeorgeOdum
OgbaEm00,Emmanuel Ogbah,https://www.pro-football-reference.com/players/O/OgbaEm00.htm,EmanOgbah,https://twitter.com/EmanOgbah
OgboCh00,Chris Ogbonnaya,https://www.pro-football-reference.com/players/O/OgboCh00.htm,ChrisOgbonnaya,https://twitter.com/ChrisOgbonnaya
OgbuCe00,Cedric Ogbuehi,https://www.pro-football-reference.com/players/O/OgbuCe00.htm,Nuff_ced70,https://twitter.com/Nuff_ced70
OgleEv20,Evan Oglesby,https://www.pro-football-reference.com/players/O/OgleEv20.htm,evanoglesby,https://twitter.com/evanoglesby
OgleAl00,Alec Ogletree,https://www.pro-football-reference.com/players/O/OgleAl00.htm,MROGLETREE52,https://twitter.com/MROGLETREE52
OgleKe00,Kevin Ogletree,https://www.pro-football-reference.com/players/O/OgleKe00.htm,KOforPrez,https://twitter.com/KOforPrez
OherMi20,Michael Oher,https://www.pro-football-reference.com/players/O/OherMi20.htm,MichaelOher,https://twitter.com/MichaelOher
OhrnRi20,Rich Ohrnberger,https://www.pro-football-reference.com/players/O/OhrnRi20.htm,ohrnberger,https://twitter.com/ohrnberger
OjinQu20,Quinn Ojinnaka,https://www.pro-football-reference.com/players/O/OjinQu20.htm,MooseNation69,https://twitter.com/MooseNation69
OkamFr99,Frank Okam,https://www.pro-football-reference.com/players/O/OkamFr99.htm,98Nightmare,https://twitter.com/98Nightmare
OkoyAm99,Amobi Okoye,https://www.pro-football-reference.com/players/O/OkoyAm99.htm,AmobiOkoye91,https://twitter.com/AmobiOkoye91
OkunRu20,Russell Okung,https://www.pro-football-reference.com/players/O/OkunRu20.htm,RussellOkung,https://twitter.com/RussellOkung
OkwuAl00,Albert Okwuegbunam,https://www.pro-football-reference.com/players/O/OkwuAl00.htm,AOkwuegbunam,https://twitter.com/AOkwuegbunam
OldeCl20,Clint Oldenburg,https://www.pro-football-reference.com/players/O/OldeCl20.htm,ClintOldenburg,https://twitter.com/ClintOldenburg
OlivJo00,Josh Oliver,https://www.pro-football-reference.com/players/O/OlivJo00.htm,JoshO_3,https://twitter.com/JoshO_3
OlonSe01,Sewo Olonilua,https://www.pro-football-reference.com/players/O/OlonSe01.htm,SOlonilua33,https://twitter.com/SOlonilua33
OlseEr20,Eric Olsen,https://www.pro-football-reference.com/players/O/OlseEr20.htm,EOlsen69,https://twitter.com/EOlsen69
OlseGr00,Greg Olsen,https://www.pro-football-reference.com/players/O/OlseGr00.htm,gregolsen88,https://twitter.com/gregolsen88
OnatKe00,Kenny Onatolu,https://www.pro-football-reference.com/players/O/OnatKe00.htm,kayo55,https://twitter.com/kayo55
OnobFe00,Fendi Onobun,https://www.pro-football-reference.com/players/O/OnobFe00.htm,TheFirst_48,https://twitter.com/TheFirst_48
OnyeDa00,David Onyemata,https://www.pro-football-reference.com/players/O/OnyeDa00.htm,ACES_E,https://twitter.com/ACES_E
OrakBr99,Brian Orakpo,https://www.pro-football-reference.com/players/O/OrakBr99.htm,rak98,https://twitter.com/rak98
OrchNa00,Nate Orchard,https://www.pro-football-reference.com/players/O/OrchNa00.htm,nateorchard44,https://twitter.com/nateorchard44
OrloDa00,Dan Orlovsky,https://www.pro-football-reference.com/players/O/OrloDa00.htm,danorlovsky7,https://twitter.com/danorlovsky7
OsgoKa00,Kassim Osgood,https://www.pro-football-reference.com/players/O/OsgoKa00.htm,kassimosgood81,https://twitter.com/kassimosgood81
OssaJo00,Joseph Ossai,https://www.pro-football-reference.com/players/O/OssaJo00.htm,joseph_ossai,https://twitter.com/joseph_ossai
OsweBr00,Brock Osweiler,https://www.pro-football-reference.com/players/O/OsweBr00.htm,bosweiler17,https://twitter.com/bosweiler17
OwenJe20,Jeff Owens,https://www.pro-football-reference.com/players/O/OwenJe20.htm,jeffowens95,https://twitter.com/jeffowens95
OwenTe00,Terrell Owens,https://www.pro-football-reference.com/players/O/OwenTe00.htm,terrellowens,https://twitter.com/terrellowens
OwusAk99,Akwasi Owusu-Ansah,https://www.pro-football-reference.com/players/O/OwusAk99.htm,AkwasiTheAnsah,https://twitter.com/AkwasiTheAnsah
PaceCa20,Calvin Pace,https://www.pro-football-reference.com/players/P/PaceCa20.htm,jetsPACE97,https://twitter.com/jetsPACE97
PaeaSt00,Stephen Paea,https://www.pro-football-reference.com/players/P/PaeaSt00.htm,PAEA_90,https://twitter.com/PAEA_90
PagaJe00,Jeoffrey Pagan,https://www.pro-football-reference.com/players/P/PagaJe00.htm,J_Pagan8,https://twitter.com/J_Pagan8
PageJa20,Jarrad Page,https://www.pro-football-reference.com/players/P/PageJa20.htm,JarradPage44,https://twitter.com/JarradPage44
PalmMi00,Michael Palmer,https://www.pro-football-reference.com/players/P/PalmMi00.htm,MGPalms,https://twitter.com/MGPalms
PampKe00,Kevin Pamphile,https://www.pro-football-reference.com/players/P/PampKe00.htm,KevinPamphile64,https://twitter.com/KevinPamphile64
PapaVi00,Vince Papale,https://www.pro-football-reference.com/players/P/PapaVi00.htm,83Invincible,https://twitter.com/83Invincible
ParaMa00,Matt Paradis,https://www.pro-football-reference.com/players/P/ParaMa00.htm,two_dice,https://twitter.com/two_dice
ParkDe01,DeVante Parker,https://www.pro-football-reference.com/players/P/ParkDe01.htm,DeVanteParker11,https://twitter.com/DeVanteParker11
ParkPr00,Preston Parker,https://www.pro-football-reference.com/players/P/ParkPr00.htm,PrestonParker87,https://twitter.com/PrestonParker87
ParkSa00,Samie Parker,https://www.pro-football-reference.com/players/P/ParkSa00.htm,SAMIEPARKER,https://twitter.com/SAMIEPARKER
ParkWi00,Willie Parker,https://www.pro-football-reference.com/players/P/ParkWi00.htm,3williethadude9,https://twitter.com/3williethadude9
ParkWi01,Will Parks,https://www.pro-football-reference.com/players/P/ParkWi01.htm,PhillyWill11,https://twitter.com/PhillyWill11
ParrRo00,Roscoe Parrish,https://www.pro-football-reference.com/players/P/ParrRo00.htm,scoe11,https://twitter.com/scoe11
ParrDa00,David Parry,https://www.pro-football-reference.com/players/P/ParrDa00.htm,DavidParry58,https://twitter.com/DavidParry58
ParsAl00,Alex Parsons,https://www.pro-football-reference.com/players/P/ParsAl00.htm,A_Parsons67,https://twitter.com/A_Parsons67
PascZa00,Zach Pascal,https://www.pro-football-reference.com/players/P/PascZa00.htm,ZachPascal6,https://twitter.com/ZachPascal6
PascBe00,Bear Pascoe,https://www.pro-football-reference.com/players/P/PascBe00.htm,BearPascoe,https://twitter.com/BearPascoe
PatmDe00,Dezmon Patmon,https://www.pro-football-reference.com/players/P/PatmDe00.htm,dadpat7,https://twitter.com/dadpat7
PattCo00,Cordarrelle Patterson,https://www.pro-football-reference.com/players/P/PattCo00.htm,ceeflashpee84,https://twitter.com/ceeflashpee84
PaulNi00,Niles Paul,https://www.pro-football-reference.com/players/P/PaulNi00.htm,NilesP_,https://twitter.com/NilesP_
PaynKe99,Kevin Payne,https://www.pro-football-reference.com/players/P/PaynKe99.htm,Kevin_Payne,https://twitter.com/Kevin_Payne
PaysSp00,Spencer Paysinger,https://www.pro-football-reference.com/players/P/PaysSp00.htm,PYSNGR,https://twitter.com/PYSNGR
PaytJo00,Jordan Payton,https://www.pro-football-reference.com/players/P/PaytJo00.htm,JordanPayton,https://twitter.com/JordanPayton
PeadIs00,Isaiah Pead,https://www.pro-football-reference.com/players/P/PeadIs00.htm,iPead,https://twitter.com/iPead
PeatAn00,Andrus Peat,https://www.pro-football-reference.com/players/P/PeatAn00.htm,andruspeat,https://twitter.com/andruspeat
PeetRo00,Rodney Peete,https://www.pro-football-reference.com/players/P/PeetRo00.htm,RodneyPeete9,https://twitter.com/RodneyPeete9
PekoDo20,Domata Peko,https://www.pro-football-reference.com/players/P/PekoDo20.htm,DomataPeko,https://twitter.com/DomataPeko
PeniJo00,John Penisini,https://www.pro-football-reference.com/players/P/PeniJo00.htm,dub_jayy_boy,https://twitter.com/dub_jayy_boy
PeprCh20,Charlie Peprah,https://www.pro-football-reference.com/players/P/PeprCh20.htm,CharliePeprah,https://twitter.com/CharliePeprah
PerkPa00,Paul Perkins,https://www.pro-football-reference.com/players/P/PerkPa00.htm,Prime_Perk_24,https://twitter.com/Prime_Perk_24
PerkRo00,Ronnie Perkins,https://www.pro-football-reference.com/players/P/PerkRo00.htm,7avageszn,https://twitter.com/7avageszn
PerrBr02,Breshad Perriman,https://www.pro-football-reference.com/players/P/PerrBr02.htm,B_Perriman11,https://twitter.com/B_Perriman11
PerrDe00,Denzel Perryman,https://www.pro-football-reference.com/players/P/PerrDe00.htm,D_Perryman52,https://twitter.com/D_Perryman52
PeteCo00,Corey Peters,https://www.pro-football-reference.com/players/P/PeteCo00.htm,CoreyPeters91,https://twitter.com/CoreyPeters91
PeteMa00,Marcus Peters,https://www.pro-football-reference.com/players/P/PeteMa00.htm,marcuspeters,https://twitter.com/marcuspeters
PeteAd01,Adrian Peterson,https://www.pro-football-reference.com/players/P/PeteAd01.htm,AdrianPeterson,https://twitter.com/AdrianPeterson
PeteKe21,Kenny Peterson,https://www.pro-football-reference.com/players/P/PeteKe21.htm,onlyoneme90,https://twitter.com/onlyoneme90
PeteMi20,Mike Peterson,https://www.pro-football-reference.com/players/P/PeteMi20.htm,mikepeterson53,https://twitter.com/mikepeterson53
PetePa00,Patrick Peterson,https://www.pro-football-reference.com/players/P/PetePa00.htm,P2,https://twitter.com/P2
PetrMi20,Mitch Petrus,https://www.pro-football-reference.com/players/P/PetrMi20.htm,Mitch_Petrus,https://twitter.com/Mitch_Petrus
PettAu00,Austin Pettis,https://www.pro-football-reference.com/players/P/PettAu00.htm,Austin_Pettis,https://twitter.com/Austin_Pettis
PettBr01,Bryce Petty,https://www.pro-football-reference.com/players/P/PettBr01.htm,b_petty14,https://twitter.com/b_petty14
PhilJo01,Jordan Phillips,https://www.pro-football-reference.com/players/P/PhilJo01.htm,bigj9797,https://twitter.com/bigj9797
PhilKe99,Kenny Phillips,https://www.pro-football-reference.com/players/P/PhilKe99.htm,kennyphillips21,https://twitter.com/kennyphillips21
PhilSh20,Shaun Phillips,https://www.pro-football-reference.com/players/P/PhilSh20.htm,ShaunPhillips95,https://twitter.com/ShaunPhillips95
PhilTy00,Tyre Phillips,https://www.pro-football-reference.com/players/P/PhilTy00.htm,Tyrethefuture,https://twitter.com/Tyrethefuture
PhilWa0c,Wade Phillips,https://www.pro-football-reference.com/players/P/PhilWa0c.htm,sonofbum,https://twitter.com/sonofbum
PhilDa01,Darius Philon,https://www.pro-football-reference.com/players/P/PhilDa01.htm,DariusPhilon,https://twitter.com/DariusPhilon
PierAn20,Antonio Pierce,https://www.pro-football-reference.com/players/P/PierAn20.htm,AntonioPierce,https://twitter.com/AntonioPierce
PierJa99,Jason Pierre-Paul,https://www.pro-football-reference.com/players/P/PierJa99.htm,UDWJPP,https://twitter.com/UDWJPP
PilaKe00,Kealoha Pilares,https://www.pro-football-reference.com/players/P/PilaKe00.htm,kealohapilares,https://twitter.com/kealohapilares
PiniBr00,Bradley Pinion,https://www.pro-football-reference.com/players/P/PiniBr00.htm,pinion92,https://twitter.com/pinion92
PinkEr00,Eric Pinkins,https://www.pro-football-reference.com/players/P/PinkEr00.htm,epinkins27,https://twitter.com/epinkins27
PittMi01,Michael Pittman Jr.,https://www.pro-football-reference.com/players/P/PittMi01.htm,MikePitt_Jr,https://twitter.com/MikePitt_Jr
PittCh20,Chester Pitts,https://www.pro-football-reference.com/players/P/PittCh20.htm,ChesterPitts,https://twitter.com/ChesterPitts
PodlAd20,Adam Podlesh,https://www.pro-football-reference.com/players/P/PodlAd20.htm,Adampodlesh08,https://twitter.com/Adampodlesh08
PoexDo00,Dontari Poe,https://www.pro-football-reference.com/players/P/PoexDo00.htm,PoeMans_dream,https://twitter.com/PoeMans_dream
PolaTr99,Troy Polamalu,https://www.pro-football-reference.com/players/P/PolaTr99.htm,tpolamalu,https://twitter.com/tpolamalu
PolkNi00,Nick Polk,https://www.pro-football-reference.com/players/P/PolkNi00.htm,PolkNick,https://twitter.com/PolkNick
PollDa20,David Pollack,https://www.pro-football-reference.com/players/P/PollDa20.htm,davidpollack47,https://twitter.com/davidpollack47
PollBe20,Bernard Pollard,https://www.pro-football-reference.com/players/P/PollBe20.htm,Crushboy31,https://twitter.com/Crushboy31
PoluTy20,Tyler Polumbus,https://www.pro-football-reference.com/players/P/PoluTy20.htm,Tyler_Polumbus,https://twitter.com/Tyler_Polumbus
PondCh00,Christian Ponder,https://www.pro-football-reference.com/players/P/PondCh00.htm,cponder7,https://twitter.com/cponder7
PoolTe00,Terry Poole,https://www.pro-football-reference.com/players/P/PoolTe00.htm,tp_dagoer,https://twitter.com/tp_dagoer
PopeGe20,Geoffrey Pope,https://www.pro-football-reference.com/players/P/PopeGe20.htm,iamgeoffpope,https://twitter.com/iamgeoffpope
PortTr99,Tracy Porter,https://www.pro-football-reference.com/players/P/PortTr99.htm,__TPorter__,https://twitter.com/__TPorter__
PortCl00,Clinton Portis,https://www.pro-football-reference.com/players/P/PortCl00.htm,TheRealC_Portis,https://twitter.com/TheRealC_Portis
PoseDe00,DeVier Posey,https://www.pro-football-reference.com/players/P/PoseDe00.htm,DPo8,https://twitter.com/DPo8
PottZa99,Zach Potter,https://www.pro-football-reference.com/players/P/PottZa99.htm,ZachPotterTE,https://twitter.com/ZachPotterTE
PouhSi20,Sione Pouha,https://www.pro-football-reference.com/players/P/PouhSi20.htm,Pouha91,https://twitter.com/Pouha91
PounMa20,Maurkice Pouncey,https://www.pro-football-reference.com/players/P/PounMa20.htm,MaurkicePouncey,https://twitter.com/MaurkicePouncey
PoutJe00,Jeremiah Poutasi,https://www.pro-football-reference.com/players/P/PoutJe00.htm,DaBeAst73,https://twitter.com/DaBeAst73
PoweRo01,Ronald Powell,https://www.pro-football-reference.com/players/P/PoweRo01.htm,MrSupeR7PoWieB,https://twitter.com/MrSupeR7PoWieB
PoweWa00,Walt Powell,https://www.pro-football-reference.com/players/P/PoweWa00.htm,SpeedKillz9,https://twitter.com/SpeedKillz9
PresDa01,Dak Prescott,https://www.pro-football-reference.com/players/P/PresDa01.htm,dak,https://twitter.com/dak
PresDe99,DeMario Pressley,https://www.pro-football-reference.com/players/P/PresDe99.htm,dmpressley,https://twitter.com/dmpressley
PricJa00,Jabari Price,https://www.pro-football-reference.com/players/P/PricJa00.htm,JayPrice04,https://twitter.com/JayPrice04
PricMa00,Maurice Price,https://www.pro-football-reference.com/players/P/PricMa00.htm,MauricePrice17,https://twitter.com/MauricePrice17
ProcCo20,Cory Procter,https://www.pro-football-reference.com/players/P/ProcCo20.htm,CoryProcter,https://twitter.com/CoryProcter
ProsJa00,Jay Prosch,https://www.pro-football-reference.com/players/P/ProsJa00.htm,DaRealJayProsch,https://twitter.com/DaRealJayProsch
ProsC.00,C.J. Prosise,https://www.pro-football-reference.com/players/P/ProsC.00.htm,Prosisely_22,https://twitter.com/Prosisely_22
PruiMy00,MyCole Pruitt,https://www.pro-football-reference.com/players/P/PruiMy00.htm,flyyCole_x4,https://twitter.com/flyyCole_x4
PryoCa00,Calvin Pryor,https://www.pro-football-reference.com/players/P/PryoCa00.htm,star_island25,https://twitter.com/star_island25
PryoTe00,Terrelle Pryor,https://www.pro-football-reference.com/players/P/PryoTe00.htm,TerrellePryor,https://twitter.com/TerrellePryor
PughJo99,Jordan Pugh,https://www.pro-football-reference.com/players/P/PughJo99.htm,JordanPugh29,https://twitter.com/JordanPugh29
PughJu00,Justin Pugh,https://www.pro-football-reference.com/players/P/PughJu00.htm,JustinPugh,https://twitter.com/JustinPugh
PullHa00,Hayes Pullard,https://www.pro-football-reference.com/players/P/PullHa00.htm,HayesPullard,https://twitter.com/HayesPullard
QuicBr00,Brian Quick,https://www.pro-football-reference.com/players/Q/QuicBr00.htm,Bquick_SC,https://twitter.com/Bquick_SC
QuinGl99,Glover Quin,https://www.pro-football-reference.com/players/Q/QuinGl99.htm,GloverQuin27,https://twitter.com/GloverQuin27
QuinBr00,Brady Quinn,https://www.pro-football-reference.com/players/Q/QuinBr00.htm,3rd_Goal,https://twitter.com/3rd_Goal
QuinRo00,Robert Quinn,https://www.pro-football-reference.com/players/Q/QuinRo00.htm,RQuinn94,https://twitter.com/RQuinn94
RackWi01,Will Rackley,https://www.pro-football-reference.com/players/R/RackWi01.htm,WillRackley,https://twitter.com/WillRackley
RadwRa00,Raymond Radway,https://www.pro-football-reference.com/players/R/RadwRa00.htm,rad84acu,https://twitter.com/rad84acu
RamsJa00,Jalen Ramsey,https://www.pro-football-reference.com/players/R/RamsJa00.htm,jalenramsey,https://twitter.com/jalenramsey
RandDa00,Damarious Randall,https://www.pro-football-reference.com/players/R/RandDa00.htm,RandallTime,https://twitter.com/RandallTime
RankSh00,Sheldon Rankins,https://www.pro-football-reference.com/players/R/RankSh00.htm,RankinsSheldon,https://twitter.com/RankinsSheldon
RashAh00,Ahmad Rashad,https://www.pro-football-reference.com/players/R/RashAh00.htm,NBATVAhmad,https://twitter.com/NBATVAhmad
RashHa00,Hamilcar Rashed Jr.,https://www.pro-football-reference.com/players/R/RashHa00.htm,HamilcarRashed,https://twitter.com/HamilcarRashed
RayxSh00,Shane Ray,https://www.pro-football-reference.com/players/R/RayxSh00.htm,StingRay56,https://twitter.com/StingRay56
ReadD.00,D.J. Reader,https://www.pro-football-reference.com/players/R/ReadD.00.htm,Djread98,https://twitter.com/Djread98
ReagJa00,Jalen Reagor,https://www.pro-football-reference.com/players/R/ReagJa00.htm,jalenreagor,https://twitter.com/jalenreagor
ReasKe00,Keith Reaser,https://www.pro-football-reference.com/players/R/ReasKe00.htm,KeithReaser3,https://twitter.com/KeithReaser3
ReddCo20,Cory Redding,https://www.pro-football-reference.com/players/R/ReddCo20.htm,CRedd90,https://twitter.com/CRedd90
RedmIs20,Isaac Redman,https://www.pro-football-reference.com/players/R/RedmIs20.htm,ired33,https://twitter.com/ired33
ReecMa00,Marcel Reece,https://www.pro-football-reference.com/players/R/ReecMa00.htm,CelReece45,https://twitter.com/CelReece45
ReedAn00,Andre Reed,https://www.pro-football-reference.com/players/R/ReedAn00.htm,Andre_Reed83,https://twitter.com/Andre_Reed83
ReedBr00,Brooks Reed,https://www.pro-football-reference.com/players/R/ReedBr00.htm,Brooksreed50,https://twitter.com/Brooksreed50
ReedEd00,Ed Reed,https://www.pro-football-reference.com/players/R/ReedEd00.htm,TwentyER,https://twitter.com/TwentyER
ReedJa00,Jake Reed,https://www.pro-football-reference.com/players/R/ReedJa00.htm,JakeReed86,https://twitter.com/JakeReed86
ReedJa02,Jarran Reed,https://www.pro-football-reference.com/players/R/ReedJa02.htm,1j_reed,https://twitter.com/1j_reed
ReedKa00,Kalan Reed,https://www.pro-football-reference.com/players/R/ReedKa00.htm,kalan_reed11,https://twitter.com/kalan_reed11
ReesTe00,Tevin Reese,https://www.pro-football-reference.com/players/R/ReesTe00.htm,TevinReese,https://twitter.com/TevinReese
ReevJa20,Jacques Reeves,https://www.pro-football-reference.com/players/R/ReevJa20.htm,Jay_ARE_8,https://twitter.com/Jay_ARE_8
ReidCa00,Caraun Reid,https://www.pro-football-reference.com/players/R/ReidCa00.htm,ChopReid,https://twitter.com/ChopReid
ReidDa20,Darrell Reid,https://www.pro-football-reference.com/players/R/ReidDa20.htm,DarrellReid,https://twitter.com/DarrellReid
ReidEr00,Eric Reid,https://www.pro-football-reference.com/players/R/ReidEr00.htm,E_Reid35,https://twitter.com/E_Reid35
ReidJa00,Jah Reid,https://www.pro-football-reference.com/players/R/ReidJa00.htm,jahreid76,https://twitter.com/jahreid76
ReilTr00,Trevor Reilly,https://www.pro-football-reference.com/players/R/ReilTr00.htm,reilly0949,https://twitter.com/reilly0949
ReitAu00,Austin Reiter,https://www.pro-football-reference.com/players/R/ReitAu00.htm,ReitErDie78,https://twitter.com/ReitErDie78
ReviDa99,Darrelle Revis,https://www.pro-football-reference.com/players/R/ReviDa99.htm,Revis24,https://twitter.com/Revis24
ReyeKe00,Kendall Reyes,https://www.pro-football-reference.com/players/R/ReyeKe00.htm,Kendall_Reyes,https://twitter.com/Kendall_Reyes
ReyeTu20,Tutan Reyes,https://www.pro-football-reference.com/players/R/ReyeTu20.htm,TutanReyes,https://twitter.com/TutanReyes
ReynEd00,Ed Reynolds,https://www.pro-football-reference.com/players/R/ReynEd00.htm,EdReynolds30,https://twitter.com/EdReynolds30
ReynKe00,Keenan Reynolds,https://www.pro-football-reference.com/players/R/ReynKe00.htm,kreynolds_19,https://twitter.com/kreynolds_19
RhodKe20,Kerry Rhodes,https://www.pro-football-reference.com/players/R/RhodKe20.htm,Kerry25Rhodes,https://twitter.com/Kerry25Rhodes
RhodXa00,Xavier Rhodes,https://www.pro-football-reference.com/players/R/RhodXa00.htm,XavierRhodes29_,https://twitter.com/XavierRhodes29_
RiceJe00,Jerry Rice,https://www.pro-football-reference.com/players/R/RiceJe00.htm,JerryRice,https://twitter.com/JerryRice
RiceRa00,Ray Rice,https://www.pro-football-reference.com/players/R/RiceRa00.htm,RayRice27,https://twitter.com/RayRice27
RiceSi01,Sidney Rice,https://www.pro-football-reference.com/players/R/RiceSi01.htm,sidneyrice,https://twitter.com/sidneyrice
RichCy00,Cyril Richardson,https://www.pro-football-reference.com/players/R/RichCy00.htm,CyRich68,https://twitter.com/CyRich68
RichJa99,Jay Richardson,https://www.pro-football-reference.com/players/R/RichJa99.htm,JayRichardson99,https://twitter.com/JayRichardson99
RichPa01,Paul Richardson,https://www.pro-football-reference.com/players/R/RichPa01.htm,prichiejr,https://twitter.com/prichiejr
RichSh00,Sheldon Richardson,https://www.pro-football-reference.com/players/R/RichSh00.htm,Godforshort,https://twitter.com/Godforshort
RichWe00,Weston Richburg,https://www.pro-football-reference.com/players/R/RichWe00.htm,,https://twitter.com/
RiddSh00,Shaquille Riddick,https://www.pro-football-reference.com/players/R/RiddSh00.htm,Gods_Exertion98,https://twitter.com/Gods_Exertion98
RidgHa00,Hassan Ridgeway,https://www.pro-football-reference.com/players/R/RidgHa00.htm,r1dge8,https://twitter.com/r1dge8
RidlSt00,Stevan Ridley,https://www.pro-football-reference.com/players/R/RidlSt00.htm,StevanRidley,https://twitter.com/StevanRidley
RiemJa00,Jay Riemersma,https://www.pro-football-reference.com/players/R/RiemJa00.htm,jayriemersma,https://twitter.com/jayriemersma
RiggJo00,John Riggins,https://www.pro-football-reference.com/players/R/RiggJo00.htm,riggo44,https://twitter.com/riggo44
RileCh00,Chris Riley,https://www.pro-football-reference.com/players/R/RileCh00.htm,CRiles76,https://twitter.com/CRiles76
RilePe00,Perry Riley,https://www.pro-football-reference.com/players/R/RilePe00.htm,PR56,https://twitter.com/PR56
RingJa00,Javon Ringer,https://www.pro-football-reference.com/players/R/RingJa00.htm,JavonRinger23,https://twitter.com/JavonRinger23
RingCh00,Christian Ringo,https://www.pro-football-reference.com/players/R/RingCh00.htm,TrynaBeGreat_99,https://twitter.com/TrynaBeGreat_99
RipkAa00,Aaron Ripkowski,https://www.pro-football-reference.com/players/R/RipkAa00.htm,AaronRipkowski,https://twitter.com/AaronRipkowski
RiveRo20,Ron Rivera,https://www.pro-football-reference.com/players/R/RiveRo20.htm,RiverboatRonHC,https://twitter.com/RiverboatRonHC
RiveKe99,Keith Rivers,https://www.pro-football-reference.com/players/R/RiveKe99.htm,rivers55,https://twitter.com/rivers55
RoacNi99,Nick Roach,https://www.pro-football-reference.com/players/R/RoacNi99.htm,ricknoach,https://twitter.com/ricknoach
RobeCh20,Chris Roberson,https://www.pro-football-reference.com/players/R/RobeCh20.htm,ROBE37,https://twitter.com/ROBE37
RobeAn00,Andre Roberts,https://www.pro-football-reference.com/players/R/RobeAn00.htm,AndreRoberts,https://twitter.com/AndreRoberts
RobeDa00,Darryl Roberts,https://www.pro-football-reference.com/players/R/RobeDa00.htm,_SwaggDee,https://twitter.com/_SwaggDee
RobeEl00,Elandon Roberts,https://www.pro-football-reference.com/players/R/RobeEl00.htm,Roberts_52,https://twitter.com/Roberts_52
RobiAS00,A'Shawn Robinson,https://www.pro-football-reference.com/players/R/RobiAS00.htm,AshawnRobinson,https://twitter.com/AshawnRobinson
RobiAa00,Aaron Robinson,https://www.pro-football-reference.com/players/R/RobiAa00.htm,humblearob,https://twitter.com/humblearob
RobiAl00,Aldrick Robinson,https://www.pro-football-reference.com/players/R/RobiAl00.htm,AldrickRobinson,https://twitter.com/AldrickRobinson
RobiAl02,Allen Robinson,https://www.pro-football-reference.com/players/R/RobiAl02.htm,Thee_AR15,https://twitter.com/Thee_AR15
RobiEd00,Edmond Robinson,https://www.pro-football-reference.com/players/R/RobiEd00.htm,AAP_30,https://twitter.com/AAP_30
RobiGr01,Greg Robinson,https://www.pro-football-reference.com/players/R/RobiGr01.htm,G_ROB73,https://twitter.com/G_ROB73
RobiJo02,Josh Robinson,https://www.pro-football-reference.com/players/R/RobiJo02.htm,Bowling34ball,https://twitter.com/Bowling34ball
RobiLa01,Laurent Robinson,https://www.pro-football-reference.com/players/R/RobiLa01.htm,LaurentRobinson,https://twitter.com/LaurentRobinson
RobiMi00,Michael Robinson,https://www.pro-football-reference.com/players/R/RobiMi00.htm,RealMikeRob,https://twitter.com/RealMikeRob
RobiPa99,Patrick Robinson,https://www.pro-football-reference.com/players/R/RobiPa99.htm,PatRobinson25,https://twitter.com/PatRobinson25
RobiRa00,Rashard Robinson,https://www.pro-football-reference.com/players/R/RobiRa00.htm,SHAD_JUSTDOIT2,https://twitter.com/SHAD_JUSTDOIT2
RobiBr98,Brian Robison,https://www.pro-football-reference.com/players/R/RobiBr98.htm,Brian_Robison,https://twitter.com/Brian_Robison
RobyBr00,Bradley Roby,https://www.pro-football-reference.com/players/R/RobyBr00.htm,BradRoby_1,https://twitter.com/BradRoby_1
RodgAa00,Aaron Rodgers,https://www.pro-football-reference.com/players/R/RodgAa00.htm,AaronRodgers12,https://twitter.com/AaronRodgers12
RodgIs00,Isaiah Rodgers,https://www.pro-football-reference.com/players/R/RodgIs00.htm,rodgers_isaiah,https://twitter.com/rodgers_isaiah
RodgJa00,Jacquizz Rodgers,https://www.pro-football-reference.com/players/R/RodgJa00.htm,Qui22Rodgers,https://twitter.com/Qui22Rodgers
RodgJa03,Jake Rodgers,https://www.pro-football-reference.com/players/R/RodgJa03.htm,jakerodgersewu,https://twitter.com/jakerodgersewu
RogeSh99,Shaun Rogers,https://www.pro-football-reference.com/players/R/RogeSh99.htm,QBComa92,https://twitter.com/QBComa92
RohrJu00,Justin Rohrwasser,https://www.pro-football-reference.com/players/R/RohrJu00.htm,Xjrowex16,https://twitter.com/Xjrowex16
RollAn20,Antrel Rolle,https://www.pro-football-reference.com/players/R/RollAn20.htm,antrelrolle26,https://twitter.com/antrelrolle26
RollBr00,Brian Rolle,https://www.pro-football-reference.com/players/R/RollBr00.htm,rolly_polly36,https://twitter.com/rolly_polly36
RollMy99,Myron Rolle,https://www.pro-football-reference.com/players/R/RollMy99.htm,MyronRolle,https://twitter.com/MyronRolle
RollQu00,Quinten Rollins,https://www.pro-football-reference.com/players/R/RollQu00.htm,,https://twitter.com/
RomaBi00,Bill Romanowski,https://www.pro-football-reference.com/players/R/RomaBi00.htm,billromanowski,https://twitter.com/billromanowski
RomeGr00,Greg Romeus,https://www.pro-football-reference.com/players/R/RomeGr00.htm,GregRomeus91,https://twitter.com/GregRomeus91
RoosMi20,Michael Roos,https://www.pro-football-reference.com/players/R/RoosMi20.htm,MichaelRoos,https://twitter.com/MichaelRoos
RoosNa00,Naaman Roosevelt,https://www.pro-football-reference.com/players/R/RoosNa00.htm,nyce18,https://twitter.com/nyce18
RossMi20,Micah Ross,https://www.pro-football-reference.com/players/R/RossMi20.htm,micahross,https://twitter.com/micahross
RoutSt20,Stanford Routt,https://www.pro-football-reference.com/players/R/RoutSt20.htm,SRoutt26,https://twitter.com/SRoutt26
RoweEr00,Eric Rowe,https://www.pro-football-reference.com/players/R/RoweEr00.htm,EricRowe32,https://twitter.com/EricRowe32
RoyaEd00,Eddie Royal,https://www.pro-football-reference.com/players/R/RoyaEd00.htm,EddieRoyalWR,https://twitter.com/EddieRoyalWR
RoyaRo00,Robert Royal,https://www.pro-football-reference.com/players/R/RoyaRo00.htm,RobertRoyalFNDN,https://twitter.com/RobertRoyalFNDN
RoysEv00,Evan Royster,https://www.pro-football-reference.com/players/R/RoysEv00.htm,Evan_Royster,https://twitter.com/Evan_Royster
RuckMa00,Martin Rucker,https://www.pro-football-reference.com/players/R/RuckMa00.htm,RuckerSouthSide,https://twitter.com/RuckerSouthSide
RuckMi20,Mike Rucker,https://www.pro-football-reference.com/players/R/RuckMi20.htm,Ruckuz84,https://twitter.com/Ruckuz84
RudoKy00,Kyle Rudolph,https://www.pro-football-reference.com/players/R/RudoKy00.htm,KyleRudolph82,https://twitter.com/KyleRudolph82
RuggHe00,Henry Ruggs III,https://www.pro-football-reference.com/players/R/RuggHe00.htm,__RUGGS,https://twitter.com/__RUGGS
RunyJo20,Jon Runyan,https://www.pro-football-reference.com/players/R/RunyJo20.htm,RepJonRunyan,https://twitter.com/RepJonRunyan
RushT.20,T.J. Rushing,https://www.pro-football-reference.com/players/R/RushT.20.htm,TJRushing20,https://twitter.com/TJRushing20
RussKe00,KeiVarae Russell,https://www.pro-football-reference.com/players/R/RussKe00.htm,Keivarae1,https://twitter.com/Keivarae1
RussRy00,Ryan Russell,https://www.pro-football-reference.com/players/R/RussRy00.htm,RKRelentless,https://twitter.com/RKRelentless
RutlKe00,Kevin Rutland,https://www.pro-football-reference.com/players/R/RutlKe00.htm,K_Rutland22,https://twitter.com/K_Rutland22
RyanJa00,Jake Ryan,https://www.pro-football-reference.com/players/R/RyanJa00.htm,JakeRyan_47,https://twitter.com/JakeRyan_47
RyanJo21,Jon Ryan,https://www.pro-football-reference.com/players/R/RyanJo21.htm,JonRyan9,https://twitter.com/JonRyan9
RyanMa00,Matt Ryan,https://www.pro-football-reference.com/players/R/RyanMa00.htm,M_Ryan02,https://twitter.com/M_Ryan02
RyanTi20,Tim Ryan,https://www.pro-football-reference.com/players/R/RyanTi20.htm,TimRyan99,https://twitter.com/TimRyan99
RyanDe20,DeMeco Ryans,https://www.pro-football-reference.com/players/R/RyanDe20.htm,DRyans59,https://twitter.com/DRyans59
SaffRo20,Rodger Saffold,https://www.pro-football-reference.com/players/S/SaffRo20.htm,Rodger_Saffold,https://twitter.com/Rodger_Saffold
SalaGr00,Greg Salas,https://www.pro-football-reference.com/players/S/SalaGr00.htm,GregSalas1,https://twitter.com/GregSalas1
SamxMi00,Michael Sam,https://www.pro-football-reference.com/players/S/SamxMi00.htm,MichaelSam52,https://twitter.com/MichaelSam52
SambTy00,Ty Sambrailo,https://www.pro-football-reference.com/players/S/SambTy00.htm,TySambo51,https://twitter.com/TySambo51
SampJa00,James Sample,https://www.pro-football-reference.com/players/S/SampJa00.htm,phenom2323,https://twitter.com/phenom2323
SamuAs00,Asante Samuel Jr.,https://www.pro-football-reference.com/players/S/SamuAs00.htm,godschild3_,https://twitter.com/godschild3_
SamuAs20,Asante Samuel,https://www.pro-football-reference.com/players/S/SamuAs20.htm,pick_six22,https://twitter.com/pick_six22
SancMa00,Mark Sanchez,https://www.pro-football-reference.com/players/S/SancMa00.htm,Mark_Sanchez,https://twitter.com/Mark_Sanchez
SancRi00,Rigoberto Sanchez,https://www.pro-football-reference.com/players/S/SancRi00.htm,Rigojio88,https://twitter.com/Rigojio88
SancZa00,Zack Sanchez,https://www.pro-football-reference.com/players/S/SancZa00.htm,ZSanchez15,https://twitter.com/ZSanchez15
SandBa00,Barry Sanders,https://www.pro-football-reference.com/players/S/SandBa00.htm,BarrySanders,https://twitter.com/BarrySanders
SandDe00,Deion Sanders,https://www.pro-football-reference.com/players/S/SandDe00.htm,DeionSanders,https://twitter.com/DeionSanders
SandEm00,Emmanuel Sanders,https://www.pro-football-reference.com/players/S/SandEm00.htm,ESanders_10,https://twitter.com/ESanders_10
SandJa21,James Sanders,https://www.pro-football-reference.com/players/S/SandJa21.htm,JamesSanders36,https://twitter.com/JamesSanders36
SanfJa99,Jamarca Sanford,https://www.pro-football-reference.com/players/S/SanfJa99.htm,sanford33,https://twitter.com/sanford33
SankBi00,Bishop Sankey,https://www.pro-football-reference.com/players/S/SankBi00.htm,BishopSankey,https://twitter.com/BishopSankey
SanuMo00,Mohamed Sanu,https://www.pro-football-reference.com/players/S/SanuMo00.htm,Mo_12_Sanu,https://twitter.com/Mo_12_Sanu
SappRi99,Ricky Sapp,https://www.pro-football-reference.com/players/S/SappRi99.htm,Sapp91,https://twitter.com/Sapp91
SappWa00,Warren Sapp,https://www.pro-football-reference.com/players/S/SappWa00.htm,WarrenSapp,https://twitter.com/WarrenSapp
SargLy99,Lydell Sargeant,https://www.pro-football-reference.com/players/S/SargLy99.htm,lsarge10,https://twitter.com/lsarge10
SassBu00,Bud Sasser,https://www.pro-football-reference.com/players/S/SassBu00.htm,budsasser21,https://twitter.com/budsasser21
SaunJa00,Jalen Saunders,https://www.pro-football-reference.com/players/S/SaunJa00.htm,jalen6saunders,https://twitter.com/jalen6saunders
SaunWe00,Weslye Saunders,https://www.pro-football-reference.com/players/S/SaunWe00.htm,Wes_Saunders88,https://twitter.com/Wes_Saunders88
SavaTo00,Tom Savage,https://www.pro-football-reference.com/players/S/SavaTo00.htm,tomsavage03,https://twitter.com/tomsavage03
SayeGa00,Gale Sayers,https://www.pro-football-reference.com/players/S/SayeGa00.htm,RealGaleSayers,https://twitter.com/RealGaleSayers
SchaBr00,Brian Schaefering,https://www.pro-football-reference.com/players/S/SchaBr00.htm,BSCHAEFERING,https://twitter.com/BSCHAEFERING
SchaMa00,Matt Schaub,https://www.pro-football-reference.com/players/S/SchaMa00.htm,,https://twitter.com/
ScheBr00,Brandon Scherff,https://www.pro-football-reference.com/players/S/ScheBr00.htm,bscherff68,https://twitter.com/bscherff68
SchlMa00,Mark Schlereth,https://www.pro-football-reference.com/players/S/SchlMa00.htm,markschlereth,https://twitter.com/markschlereth
SchoJo00,Joe Schobert,https://www.pro-football-reference.com/players/S/SchoJo00.htm,TheSchoGoesOn53,https://twitter.com/TheSchoGoesOn53
SchoMi00,Michael Schofield,https://www.pro-football-reference.com/players/S/SchoMi00.htm,SchoBlue75,https://twitter.com/SchoBlue75
SchoOB99,O'Brien Schofield,https://www.pro-football-reference.com/players/S/SchoOB99.htm,Ob_Scho,https://twitter.com/Ob_Scho
SchwGe20,Geoff Schwartz,https://www.pro-football-reference.com/players/S/SchwGe20.htm,geoffschwartz,https://twitter.com/geoffschwartz
scobejos01,Josh Scobee,https://www.pro-football-reference.com/players/S/scobejos01.htm,JoshScobee10,https://twitter.com/JoshScobee10
ScotBa20,Bart Scott,https://www.pro-football-reference.com/players/S/ScotBa20.htm,BartScott57,https://twitter.com/BartScott57
ScotBr20,Bryan Scott,https://www.pro-football-reference.com/players/S/ScotBr20.htm,teambryanscott,https://twitter.com/teambryanscott
ScotDa01,Da'Rel Scott,https://www.pro-football-reference.com/players/S/ScotDa01.htm,DaRelScott_RB,https://twitter.com/DaRelScott_RB
ScotDa20,Darrion Scott,https://www.pro-football-reference.com/players/S/ScotDa20.htm,DarrionScott,https://twitter.com/DarrionScott
ScotFr00,Freddie Scott,https://www.pro-football-reference.com/players/S/ScotFr00.htm,FreddieScott,https://twitter.com/FreddieScott
ScotGa01,Garrett Scott,https://www.pro-football-reference.com/players/S/ScotGa01.htm,G_smooth75,https://twitter.com/G_smooth75
SearDa00,Da'Norris Searcy,https://www.pro-football-reference.com/players/S/SearDa00.htm,DSearcy_21,https://twitter.com/DSearcy_21
SeasLa00,Lache Seastrunk,https://www.pro-football-reference.com/players/S/SeasLa00.htm,TheLache_Show26,https://twitter.com/TheLache_Show26
SelvGe99,George Selvie,https://www.pro-football-reference.com/players/S/SelvGe99.htm,,https://twitter.com/
SennJo00,Jordan Senn,https://www.pro-football-reference.com/players/S/SennJo00.htm,JordanSenn57,https://twitter.com/JordanSenn57
SensCo00,Coty Sensabaugh,https://www.pro-football-reference.com/players/S/SensCo00.htm,CotySense,https://twitter.com/CotySense
SensGe20,Gerald Sensabaugh,https://www.pro-football-reference.com/players/S/SensGe20.htm,Gsensabaugh,https://twitter.com/Gsensabaugh
SeumIs00,Isaac Seumalo,https://www.pro-football-reference.com/players/S/SeumIs00.htm,IsaacSeumalo,https://twitter.com/IsaacSeumalo
SeymKe00,Kevon Seymour,https://www.pro-football-reference.com/players/S/SeymKe00.htm,KevonSeymour,https://twitter.com/KevonSeymour
ShanSc20,Scott Shanle,https://www.pro-football-reference.com/players/S/ShanSc20.htm,scottshanle,https://twitter.com/scottshanle
SharSh00,Shannon Sharpe,https://www.pro-football-reference.com/players/S/SharSh00.htm,ShannonSharpe,https://twitter.com/ShannonSharpe
SharTa00,Tajae Sharpe,https://www.pro-football-reference.com/players/S/SharTa00.htm,Show19ine,https://twitter.com/Show19ine
SharDa01,Darryl Sharpton,https://www.pro-football-reference.com/players/S/SharDa01.htm,DARRYLSHARPTON,https://twitter.com/DARRYLSHARPTON
ShawTi99,Tim Shaw,https://www.pro-football-reference.com/players/S/ShawTi99.htm,TShawsTruth,https://twitter.com/TShawsTruth
ShazRy00,Ryan Shazier,https://www.pro-football-reference.com/players/S/ShazRy00.htm,RyanShazier,https://twitter.com/RyanShazier
SheeKo00,Kory Sheets,https://www.pro-football-reference.com/players/S/SheeKo00.htm,Sheets24K,https://twitter.com/Sheets24K
ShelDa01,Danny Shelton,https://www.pro-football-reference.com/players/S/ShelDa01.htm,Danny_Shelton55,https://twitter.com/Danny_Shelton55
ShemPr00,Prince Shembo,https://www.pro-football-reference.com/players/S/ShemPr00.htm,PrinceShembo,https://twitter.com/PrinceShembo
ShepSt00,Sterling Shepard,https://www.pro-football-reference.com/players/S/ShepSt00.htm,sterl_shep3,https://twitter.com/sterl_shep3
ShepAu00,Austin Shepherd,https://www.pro-football-reference.com/players/S/ShepAu00.htm,AShep79,https://twitter.com/AShep79
ShepJa00,JaCorey Shepherd,https://www.pro-football-reference.com/players/S/ShepJa00.htm,mrJ_shep,https://twitter.com/mrJ_shep
ShepKe00,Kelvin Sheppard,https://www.pro-football-reference.com/players/S/ShepKe00.htm,KelvinSheppard,https://twitter.com/KelvinSheppard
SherRi00,Richard Sherman,https://www.pro-football-reference.com/players/S/SherRi00.htm,RSherman_25,https://twitter.com/RSherman_25
ShiaVi00,Visanthe Shiancoe,https://www.pro-football-reference.com/players/S/ShiaVi00.htm,VShiancoe,https://twitter.com/VShiancoe
ShieSa00,Sam Shields,https://www.pro-football-reference.com/players/S/ShieSa00.htm,,https://twitter.com/
ShipA.20,A.Q. Shipley,https://www.pro-football-reference.com/players/S/ShipA.20.htm,aqshipley,https://twitter.com/aqshipley
ShocJe00,Jeremy Shockey,https://www.pro-football-reference.com/players/S/ShocJe00.htm,JeremyShockey,https://twitter.com/JeremyShockey
ShorCe00,Cecil Shorts,https://www.pro-football-reference.com/players/S/ShorCe00.htm,CecilShortsIII,https://twitter.com/CecilShortsIII
ShulMi01,Mickey Shuler,https://www.pro-football-reference.com/players/S/ShulMi01.htm,Mickey_Shuler,https://twitter.com/Mickey_Shuler
SidbLa99,Lawrence Sidbury,https://www.pro-football-reference.com/players/S/SidbLa99.htm,lawrencesidbury,https://twitter.com/lawrencesidbury
SilbIa00,Ian Silberman,https://www.pro-football-reference.com/players/S/SilbIa00.htm,Suupaman77,https://twitter.com/Suupaman77
SilvJa99,Jamie Silva,https://www.pro-football-reference.com/players/S/SilvJa99.htm,JamieSilva40,https://twitter.com/JamieSilva40
SimmJu00,Justin Simmons,https://www.pro-football-reference.com/players/S/SimmJu00.htm,jsimms1119,https://twitter.com/jsimms1119
SimpJe00,Jerome Simpson,https://www.pro-football-reference.com/players/S/SimpJe00.htm,rome081,https://twitter.com/rome081
SimsBi00,Billy Sims,https://www.pro-football-reference.com/players/S/SimsBi00.htm,billysims1978,https://twitter.com/billysims1978
SimsCh00,Charles Sims,https://www.pro-football-reference.com/players/S/SimsCh00.htm,csims34,https://twitter.com/csims34
SimsEr20,Ernie Sims,https://www.pro-football-reference.com/players/S/SimsEr20.htm,ErnieSims34,https://twitter.com/ErnieSims34
SimsKe00,Keith Sims,https://www.pro-football-reference.com/players/S/SimsKe00.htm,ksims69,https://twitter.com/ksims69
SimsLe00,LeShaun Sims,https://www.pro-football-reference.com/players/S/SimsLe00.htm,LeshaunSims,https://twitter.com/LeshaunSims
SimsRo20,Rob Sims,https://www.pro-football-reference.com/players/S/SimsRo20.htm,robasims,https://twitter.com/robasims
WalkMi01,Mike Sims-Walker,https://www.pro-football-reference.com/players/W/WalkMi01.htm,MikeSimsWalker,https://twitter.com/MikeSimsWalker
SiraTo20,Tony Siragusa,https://www.pro-football-reference.com/players/S/SiraTo20.htm,TonySiragusa,https://twitter.com/TonySiragusa
SittJo20,Josh Sitton,https://www.pro-football-reference.com/players/S/SittJo20.htm,jsitton71,https://twitter.com/jsitton71
SkriBu00,Buster Skrine,https://www.pro-football-reference.com/players/S/SkriBu00.htm,BusterSkrine,https://twitter.com/BusterSkrine
SlatRa00,Rashawn Slater,https://www.pro-football-reference.com/players/S/SlatRa00.htm,rdsl8r,https://twitter.com/rdsl8r
SlatSt00,Steve Slaton,https://www.pro-football-reference.com/players/S/SlatSt00.htm,Steve23Slaton,https://twitter.com/Steve23Slaton
SlatTe00,Tedarrell Slaton,https://www.pro-football-reference.com/players/S/SlatTe00.htm,_56Ms_,https://twitter.com/_56Ms_
SmalKi00,Kiero Small,https://www.pro-football-reference.com/players/S/SmalKi00.htm,KieroSmall36,https://twitter.com/KieroSmall36
SmalWe00,Wendell Smallwood,https://www.pro-football-reference.com/players/S/SmalWe00.htm,WSmallwood28,https://twitter.com/WSmallwood28
SmalYa00,Yawin Smallwood,https://www.pro-football-reference.com/players/S/SmalYa00.htm,,https://twitter.com/
SmitAl04,Aldon Smith,https://www.pro-football-reference.com/players/S/SmitAl04.htm,aldonsmith,https://twitter.com/aldonsmith
SmitAl22,Alfonso Smith,https://www.pro-football-reference.com/players/S/SmitAl22.htm,FonzoRB29,https://twitter.com/FonzoRB29
SmitAl98,Alphonso Smith,https://www.pro-football-reference.com/players/S/SmitAl98.htm,AlphonsoSmith2,https://twitter.com/AlphonsoSmith2
SmitAn23,Andre Smith,https://www.pro-football-reference.com/players/S/SmitAn23.htm,BigSmitty71,https://twitter.com/BigSmitty71
SmitAn21,Anthony Smith,https://www.pro-football-reference.com/players/S/SmitAn21.htm,antkingsmith,https://twitter.com/antkingsmith
SmitAn22,Antonio Smith,https://www.pro-football-reference.com/players/S/SmitAn22.htm,antoniosmith94,https://twitter.com/antoniosmith94
SmitBr01,Brad Smith,https://www.pro-football-reference.com/players/S/SmitBr01.htm,RealBradSmith,https://twitter.com/RealBradSmith
SmitBr06,Braden Smith,https://www.pro-football-reference.com/players/S/SmitBr06.htm,BradenSmith72,https://twitter.com/BradenSmith72
SmitDe98,DeAngelo Smith,https://www.pro-football-reference.com/players/S/SmitDe98.htm,DLO614,https://twitter.com/DLO614
SmitDe05,Derron Smith,https://www.pro-football-reference.com/players/S/SmitDe05.htm,D_SmithFS,https://twitter.com/D_SmithFS
SmitDe04,Devin Smith,https://www.pro-football-reference.com/players/S/SmitDe04.htm,dsmithosu,https://twitter.com/dsmithosu
SmitDo02,Donovan Smith,https://www.pro-football-reference.com/players/S/SmitDo02.htm,DSmith_76,https://twitter.com/DSmith_76
SmitEm00,Emmitt Smith,https://www.pro-football-reference.com/players/S/SmitEm00.htm,EmmittSmith22,https://twitter.com/EmmittSmith22
SmitEr22,Eric Smith,https://www.pro-football-reference.com/players/S/SmitEr22.htm,Esmitty33,https://twitter.com/Esmitty33
SmitJa05,Jaylon Smith,https://www.pro-football-reference.com/players/S/SmitJa05.htm,thejaylonsmith,https://twitter.com/thejaylonsmith
SmitJi03,Jimmy Smith,https://www.pro-football-reference.com/players/S/SmitJi03.htm,RealJimmySmith,https://twitter.com/RealJimmySmith
SmitKe03,Keith Smith,https://www.pro-football-reference.com/players/S/SmitKe03.htm,K_SMITH31,https://twitter.com/K_SMITH31
SmitKe02,Kevin Smith,https://www.pro-football-reference.com/players/S/SmitKe02.htm,KevinSmithRB,https://twitter.com/KevinSmithRB
SmitKo00,Kolby Smith,https://www.pro-football-reference.com/players/S/SmitKo00.htm,MrKolbySmith,https://twitter.com/MrKolbySmith
SmitMa02,Malcolm Smith,https://www.pro-football-reference.com/players/S/SmitMa02.htm,MalcSmitty,https://twitter.com/MalcSmitty
SmitMa03,Marcus Smith,https://www.pro-football-reference.com/players/S/SmitMa03.htm,MarcusSmithII,https://twitter.com/MarcusSmithII
SmitPr00,Preston Smith,https://www.pro-football-reference.com/players/S/SmitPr00.htm,PrestonSmith94,https://twitter.com/PrestonSmith94
SmitRe99,Reggie Smith,https://www.pro-football-reference.com/players/S/SmitRe99.htm,superreg30,https://twitter.com/superreg30
SmitRo01,Rod Smith,https://www.pro-football-reference.com/players/S/SmitRo01.htm,TheREALrodSmith,https://twitter.com/TheREALrodSmith
SmitRy00,Ryan Smith,https://www.pro-football-reference.com/players/S/SmitRy00.htm,OhLawwwdy,https://twitter.com/OhLawwwdy
SmitSe99,Sean Smith,https://www.pro-football-reference.com/players/S/SmitSe99.htm,SeanSMITH24,https://twitter.com/SeanSMITH24
SmitSh20,Shaun Smith,https://www.pro-football-reference.com/players/S/SmitSh20.htm,autumnsjs90,https://twitter.com/autumnsjs90
SmitSt01,Steve Smith Sr.,https://www.pro-football-reference.com/players/S/SmitSt01.htm,89SteveSmith,https://twitter.com/89SteveSmith
SmitSt02,Steve Smith,https://www.pro-football-reference.com/players/S/SmitSt02.htm,SteveSmithII,https://twitter.com/SteveSmithII
SmitTa00,Taj Smith,https://www.pro-football-reference.com/players/S/SmitTa00.htm,TajSW10,https://twitter.com/TajSW10
SmitTe01,Telvin Smith,https://www.pro-football-reference.com/players/S/SmitTe01.htm,TelvinSmith_22,https://twitter.com/TelvinSmith_22
SmitTo02,Torrey Smith,https://www.pro-football-reference.com/players/S/SmitTo02.htm,TorreySmithWR,https://twitter.com/TorreySmithWR
SmitTy01,Tye Smith,https://www.pro-football-reference.com/players/S/SmitTy01.htm,TyeSmithCB,https://twitter.com/TyeSmithCB
SmitWa21,Wade Smith,https://www.pro-football-reference.com/players/S/SmitWa21.htm,Smitty74allday,https://twitter.com/Smitty74allday
SmitWi99,Will Smith,https://www.pro-football-reference.com/players/S/SmitWi99.htm,iWillSmith,https://twitter.com/iWillSmith
SmitZa00,Za'Darius Smith,https://www.pro-football-reference.com/players/S/SmitZa00.htm,TheRealZSmith,https://twitter.com/TheRealZSmith
SmitSh01,Shaky Smithson,https://www.pro-football-reference.com/players/S/SmitSh01.htm,ShakySmithson,https://twitter.com/ShakySmithson
SnydAd20,Adam Snyder,https://www.pro-football-reference.com/players/S/SnydAd20.htm,ASnyds68,https://twitter.com/ASnyds68
SokoKr00,Kristjan Sokoli,https://www.pro-football-reference.com/players/S/SokoKr00.htm,Kristjan90,https://twitter.com/Kristjan90
SoutDe00,Dezmen Southward,https://www.pro-football-reference.com/players/S/SoutDe00.htm,D_Southward12,https://twitter.com/D_Southward12
SpaiMa00,Martrell Spaight,https://www.pro-football-reference.com/players/S/SpaiMa00.htm,spaight1,https://twitter.com/spaight1
SpeaMa20,Marcus Spears,https://www.pro-football-reference.com/players/S/SpeaMa20.htm,mspear96,https://twitter.com/mspear96
SpeeEJ00,E.J. Speed,https://www.pro-football-reference.com/players/S/SpeeEJ00.htm,EJ_SPEED,https://twitter.com/EJ_SPEED
SpenNo00,Noah Spence,https://www.pro-football-reference.com/players/S/SpenNo00.htm,nspence94,https://twitter.com/nspence94
SpenCh21,Chris Spencer,https://www.pro-football-reference.com/players/S/SpenCh21.htm,clark7365,https://twitter.com/clark7365
SpenEv00,Evan Spencer,https://www.pro-football-reference.com/players/S/SpenEv00.htm,E_Spencer6,https://twitter.com/E_Spencer6
SpikTa00,Takeo Spikes,https://www.pro-football-reference.com/players/S/SpikTa00.htm,TakeoSpikes51,https://twitter.com/TakeoSpikes51
SpilC.00,C.J. Spiller,https://www.pro-football-reference.com/players/S/SpilC.00.htm,CJSPILLER,https://twitter.com/CJSPILLER
SpilCJ99,C.J. Spillman,https://www.pro-football-reference.com/players/S/SpilCJ99.htm,CJSPILLMAN27,https://twitter.com/CJSPILLMAN27
SpriJa00,Jason Spriggs,https://www.pro-football-reference.com/players/S/SpriJa00.htm,Jason_Spriggs78,https://twitter.com/Jason_Spriggs78
SpruMa00,Marquis Spruill,https://www.pro-football-reference.com/players/S/SpruMa00.htm,Sprui11z,https://twitter.com/Sprui11z
SpurSt00,Steve Spurrier,https://www.pro-football-reference.com/players/S/SpurSt00.htm,stevespurrieruf,https://twitter.com/stevespurrieruf
StafMa00,Matthew Stafford,https://www.pro-football-reference.com/players/S/StafMa00.htm,,https://twitter.com/
StalJo20,Joe Staley,https://www.pro-football-reference.com/players/S/StalJo20.htm,jstaley74,https://twitter.com/jstaley74
StalDo00,Donte' Stallworth,https://www.pro-football-reference.com/players/S/StalDo00.htm,DonteStallworth,https://twitter.com/DonteStallworth
StanR.00,R.J. Stanford,https://www.pro-football-reference.com/players/S/StanR.00.htm,RJStanford25,https://twitter.com/RJStanford25
StanDe00,Derek Stanley,https://www.pro-football-reference.com/players/S/StanDe00.htm,DStan19,https://twitter.com/DStan19
StanRo00,Ronnie Stanley,https://www.pro-football-reference.com/players/S/StanRo00.htm,megatronnie,https://twitter.com/megatronnie
StanDr00,Drew Stanton,https://www.pro-football-reference.com/players/S/StanDr00.htm,drewstanton,https://twitter.com/drewstanton
StarJa00,James Starks,https://www.pro-football-reference.com/players/S/StarJa00.htm,James44Starks,https://twitter.com/James44Starks
StarMa21,Max Starks,https://www.pro-football-reference.com/players/S/StarMa21.htm,maxstarks78,https://twitter.com/maxstarks78
StarRa20,Randy Starks,https://www.pro-football-reference.com/players/S/StarRa20.htm,starks94,https://twitter.com/starks94
StarSc20,Scott Starks,https://www.pro-football-reference.com/players/S/StarSc20.htm,,https://twitter.com/
StatJi00,Jimmy Staten,https://www.pro-football-reference.com/players/S/StatJi00.htm,jstaten90,https://twitter.com/jstaten90
StepSh00,Shamar Stephen,https://www.pro-football-reference.com/players/S/StepSh00.htm,ShamarStephen59,https://twitter.com/ShamarStephen59
SterNe00,Neal Sterling,https://www.pro-football-reference.com/players/S/SterNe00.htm,Neal_Sterling,https://twitter.com/Neal_Sterling
StewTo01,Tony Steward,https://www.pro-football-reference.com/players/S/StewTo01.htm,Tony_theTiger7,https://twitter.com/Tony_theTiger7
StewJo00,Jonathan Stewart,https://www.pro-football-reference.com/players/S/StewJo00.htm,Jonathanstewar1,https://twitter.com/Jonathanstewar1
StewKo00,Kordell Stewart,https://www.pro-football-reference.com/players/S/StewKo00.htm,KSlash10,https://twitter.com/KSlash10
StewRy20,Ryan Stewart,https://www.pro-football-reference.com/players/S/StewRy20.htm,1livestew,https://twitter.com/1livestew
StilDe00,Devon Still,https://www.pro-football-reference.com/players/S/StilDe00.htm,Dev_Still71,https://twitter.com/Dev_Still71
StilKe00,Kenny Stills,https://www.pro-football-reference.com/players/S/StilKe00.htm,KSTiLLS,https://twitter.com/KSTiLLS
StinEd00,Ed Stinson,https://www.pro-football-reference.com/players/S/StinEd00.htm,ejstinson72,https://twitter.com/ejstinson72
StraMi02,Michael Strahan,https://www.pro-football-reference.com/players/S/StraMi02.htm,michaelstrahan,https://twitter.com/michaelstrahan
StriZa20,Zach Strief,https://www.pro-football-reference.com/players/S/StriZa20.htm,ZachStrief,https://twitter.com/ZachStrief
StroJa01,Jaelen Strong,https://www.pro-football-reference.com/players/S/StroJa01.htm,JaelenStrong,https://twitter.com/JaelenStrong
StroMa01,Marcus Stroud,https://www.pro-football-reference.com/players/S/StroMa01.htm,marcusstroud99,https://twitter.com/marcusstroud99
StucCh20,Chansi Stuckey,https://www.pro-football-reference.com/players/S/StucCh20.htm,ChansiStuckey,https://twitter.com/ChansiStuckey
StudKa20,Kasey Studdard,https://www.pro-football-reference.com/players/S/StudKa20.htm,Studdard64,https://twitter.com/Studdard64
StudAn99,Andy Studebaker,https://www.pro-football-reference.com/players/S/StudAn99.htm,studie32,https://twitter.com/studie32
Sua-Xa00,Xavier Su'a-Filo,https://www.pro-football-reference.com/players/S/Sua-Xa00.htm,bigxmanee,https://twitter.com/bigxmanee
SudfNa00,Nate Sudfeld,https://www.pro-football-reference.com/players/S/SudfNa00.htm,NateSudfeld,https://twitter.com/NateSudfeld
SuggTe99,Terrell Suggs,https://www.pro-football-reference.com/players/S/SuggTe99.htm,untouchablejay4,https://twitter.com/untouchablejay4
SuhxNd99,Ndamukong Suh,https://www.pro-football-reference.com/players/S/SuhxNd99.htm,NdamukongSuh,https://twitter.com/NdamukongSuh
SundNi00,Nick Sundberg,https://www.pro-football-reference.com/players/S/SundNi00.htm,NickSundberg,https://twitter.com/NickSundberg
SunsVi00,Vinnie Sunseri,https://www.pro-football-reference.com/players/S/SunsVi00.htm,vsunseri3,https://twitter.com/vsunseri3
SuttWi00,Will Sutton,https://www.pro-football-reference.com/players/S/SuttWi00.htm,SweetTeaWillie,https://twitter.com/SweetTeaWillie
SvitWi20,Will Svitek,https://www.pro-football-reference.com/players/S/SvitWi20.htm,WillSvitek,https://twitter.com/WillSvitek
SwaiBr00,Brett Swain,https://www.pro-football-reference.com/players/S/SwaiBr00.htm,Brett_Swain16,https://twitter.com/Brett_Swain16
SwanDa02,Damian Swann,https://www.pro-football-reference.com/players/S/SwanDa02.htm,D_Swann,https://twitter.com/D_Swann
SwanTr00,Travis Swanson,https://www.pro-football-reference.com/players/S/SwanTr00.htm,Tswan64,https://twitter.com/Tswan64
SylvSt99,Stevenson Sylvester,https://www.pro-football-reference.com/players/S/SylvSt99.htm,SSylvester55,https://twitter.com/SSylvester55
Ta'aAl00,Alameda Ta'amu,https://www.pro-football-reference.com/players/T/Ta'aAl00.htm,MEDATAAMU74,https://twitter.com/MEDATAAMU74
TafoJo20,Joe Tafoya,https://www.pro-football-reference.com/players/T/TafoJo20.htm,JoeTafoya,https://twitter.com/JoeTafoya
TaliLo00,Lorenzo Taliaferro,https://www.pro-football-reference.com/players/T/TaliLo00.htm,ZoBot_45,https://twitter.com/ZoBot_45
TallDa00,Darryl Talley,https://www.pro-football-reference.com/players/T/TallDa00.htm,DarrylTalley,https://twitter.com/DarrylTalley
TammJa00,Jacob Tamme,https://www.pro-football-reference.com/players/T/TammJa00.htm,JacobTamme,https://twitter.com/JacobTamme
TappDa20,Darryl Tapp,https://www.pro-football-reference.com/players/T/TappDa20.htm,dtapp55,https://twitter.com/dtapp55
TappCh00,Charles Tapper,https://www.pro-football-reference.com/players/T/TappCh00.htm,Takeflightchuck,https://twitter.com/Takeflightchuck
TaskSt00,Steve Tasker,https://www.pro-football-reference.com/players/T/TaskSt00.htm,SteveTasker89,https://twitter.com/SteveTasker89
TateBe00,Ben Tate,https://www.pro-football-reference.com/players/T/TateBe00.htm,BenTateRB,https://twitter.com/BenTateRB
TateGo00,Golden Tate,https://www.pro-football-reference.com/players/T/TateGo00.htm,ShowtimeTate,https://twitter.com/ShowtimeTate
TaylFr00,Fred Taylor,https://www.pro-football-reference.com/players/T/TaylFr00.htm,FredTaylorMade,https://twitter.com/FredTaylorMade
TaylIk20,Ike Taylor,https://www.pro-football-reference.com/players/T/TaylIk20.htm,Ike_SwagginU,https://twitter.com/Ike_SwagginU
TaylJa03,Jason Taylor,https://www.pro-football-reference.com/players/T/TaylJa03.htm,JasonTaylor,https://twitter.com/JasonTaylor
TaylJo02,Jonathan Taylor,https://www.pro-football-reference.com/players/T/TaylJo02.htm,JayT23,https://twitter.com/JayT23
TaylKe01,Kelvin Taylor,https://www.pro-football-reference.com/players/T/TaylKe01.htm,Kelvintaylor21,https://twitter.com/Kelvintaylor21
TaylPh00,Phil Taylor,https://www.pro-football-reference.com/players/T/TaylPh00.htm,PhilTaylor98,https://twitter.com/PhilTaylor98
TaylTy00,Tyrod Taylor,https://www.pro-football-reference.com/players/T/TaylTy00.htm,TyrodTaylor,https://twitter.com/TyrodTaylor
TeboTi00,Tim Tebow,https://www.pro-football-reference.com/players/T/TeboTi00.htm,TimTebow,https://twitter.com/TimTebow
TeelMi00,Mike Teel,https://www.pro-football-reference.com/players/T/TeelMi00.htm,MTeel14,https://twitter.com/MTeel14
TelfRa00,Randall Telfer,https://www.pro-football-reference.com/players/T/TelfRa00.htm,RandallTelfer,https://twitter.com/RandallTelfer
TeppMi00,Mike Tepper,https://www.pro-football-reference.com/players/T/TeppMi00.htm,MikeTepper79,https://twitter.com/MikeTepper79
TerrAJ00,AJ Terrell,https://www.pro-football-reference.com/players/T/TerrAJ00.htm,ajterrell_8,https://twitter.com/ajterrell_8
TerrCr20,Craig Terrill,https://www.pro-football-reference.com/players/T/TerrCr20.htm,TerrillMusic,https://twitter.com/TerrillMusic
TheuJo00,John Theus,https://www.pro-football-reference.com/players/T/TheuJo00.htm,jtheus71,https://twitter.com/jtheus71
ThomBr02,Brandon Thomas,https://www.pro-football-reference.com/players/T/ThomBr02.htm,BTHOM63_100,https://twitter.com/BTHOM63_100
ThomCa99,Cam Thomas,https://www.pro-football-reference.com/players/T/ThomCa99.htm,Zilla9396,https://twitter.com/Zilla9396
ThomDe05,De'Anthony Thomas,https://www.pro-football-reference.com/players/T/ThomDe05.htm,DATBLACKMOMBA13,https://twitter.com/DATBLACKMOMBA13
ThomDe03,Demaryius Thomas,https://www.pro-football-reference.com/players/T/ThomDe03.htm,DemaryiusT,https://twitter.com/DemaryiusT
ThomDe02,Devin Thomas,https://www.pro-football-reference.com/players/T/ThomDe02.htm,,https://twitter.com/
ThomDo26,Donald Thomas,https://www.pro-football-reference.com/players/T/ThomDo26.htm,Thedthomas64,https://twitter.com/Thedthomas64
ThomEa99,Earl Thomas,https://www.pro-football-reference.com/players/T/ThomEa99.htm,Earl_Thomas,https://twitter.com/Earl_Thomas
ThomLo00,Logan Thomas,https://www.pro-football-reference.com/players/T/ThomLo00.htm,LoganThomasSr_6,https://twitter.com/LoganThomasSr_6
ThomMa99,Marcus Thomas,https://www.pro-football-reference.com/players/T/ThomMa99.htm,MarcusThomas_79,https://twitter.com/MarcusThomas_79
ThomMi05,Michael Thomas,https://www.pro-football-reference.com/players/T/ThomMi05.htm,Cantguardmike,https://twitter.com/Cantguardmike
ThomMi01,Mike Thomas,https://www.pro-football-reference.com/players/T/ThomMi01.htm,,https://twitter.com/
ThomPi00,Pierre Thomas,https://www.pro-football-reference.com/players/T/ThomPi00.htm,Pierre_Thomas,https://twitter.com/Pierre_Thomas
ThomTe99,Terrell Thomas,https://www.pro-football-reference.com/players/T/ThomTe99.htm,TerrellThomas24,https://twitter.com/TerrellThomas24
ThomTh00,Thurman Thomas,https://www.pro-football-reference.com/players/T/ThomTh00.htm,thurmanthomas,https://twitter.com/thurmanthomas
ThomBr00,Brandyn Thompson,https://www.pro-football-reference.com/players/T/ThomBr00.htm,BThompson_BT,https://twitter.com/BThompson_BT
ThomCe00,Cedric Thompson,https://www.pro-football-reference.com/players/T/ThomCe00.htm,ascedbyme,https://twitter.com/ascedbyme
ThomDa05,Darian Thompson,https://www.pro-football-reference.com/players/T/ThomDa05.htm,DThompson004,https://twitter.com/DThompson004
ThomMy00,Mykkele Thompson,https://www.pro-football-reference.com/players/T/ThomMy00.htm,MykkeThom2,https://twitter.com/MykkeThom2
ThomPe00,Peyton Thompson,https://www.pro-football-reference.com/players/T/ThomPe00.htm,tattedNspatted,https://twitter.com/tattedNspatted
ThomSh01,Shaq Thompson,https://www.pro-football-reference.com/players/T/ThomSh01.htm,ShaqThompson_7,https://twitter.com/ShaqThompson_7
ThomTy01,Tyrus Thompson,https://www.pro-football-reference.com/players/T/ThomTy01.htm,TyrusT_71,https://twitter.com/TyrusT_71
ThorDa20,David Thornton,https://www.pro-football-reference.com/players/T/ThorDa20.htm,DT_50,https://twitter.com/DT_50
ThorJo21,John Thornton,https://www.pro-football-reference.com/players/T/ThorJo21.htm,JohnThornton,https://twitter.com/JohnThornton
ThurWa99,Walter Thurmond,https://www.pro-football-reference.com/players/T/ThurWa99.htm,WaltThurm3,https://twitter.com/WaltThurm3
TillAn01,Andrew Tiller,https://www.pro-football-reference.com/players/T/TillAn01.htm,BigTill66,https://twitter.com/BigTill66
TillCh20,Charles Tillman,https://www.pro-football-reference.com/players/T/TillCh20.htm,peanuttillman,https://twitter.com/peanuttillman
TimmLa99,Lawrence Timmons,https://www.pro-football-reference.com/players/T/TimmLa99.htm,lawrencetimmons,https://twitter.com/lawrencetimmons
TippAn00,Andre Tippett,https://www.pro-football-reference.com/players/T/TippAn00.htm,AndreTippett,https://twitter.com/AndreTippett
TobeRo55,Robbie Tobeck,https://www.pro-football-reference.com/players/T/TobeRo55.htm,RobbieTobeck,https://twitter.com/RobbieTobeck
TodmJo00,Jordan Todman,https://www.pro-football-reference.com/players/T/TodmJo00.htm,JordanTodman,https://twitter.com/JordanTodman
TogiTo00,Tommy Togiai,https://www.pro-football-reference.com/players/T/TogiTo00.htm,Big_Tom72,https://twitter.com/Big_Tom72
TolbMi00,Mike Tolbert,https://www.pro-football-reference.com/players/T/TolbMi00.htm,miketolbert35,https://twitter.com/miketolbert35
TomlLa01,Laken Tomlinson,https://www.pro-football-reference.com/players/T/TomlLa01.htm,laken77,https://twitter.com/laken77
ToneCo00,Cole Toner,https://www.pro-football-reference.com/players/T/ToneCo00.htm,Ol_King_Cole,https://twitter.com/Ol_King_Cole
ToomAm00,Amani Toomer,https://www.pro-football-reference.com/players/T/ToomAm00.htm,AmaniAToomer,https://twitter.com/AmaniAToomer
ToonNi00,Nick Toon,https://www.pro-football-reference.com/players/T/ToonNi00.htm,Nick2oon,https://twitter.com/Nick2oon
ToraRy00,Ryan Torain,https://www.pro-football-reference.com/players/T/ToraRy00.htm,RyanTorain,https://twitter.com/RyanTorain
ToriAn20,Anthony Toribio,https://www.pro-football-reference.com/players/T/ToriAn20.htm,Ribzz93,https://twitter.com/Ribzz93
TorrLe20,Leigh Torrence,https://www.pro-football-reference.com/players/T/TorrLe20.htm,ltorrence24,https://twitter.com/ltorrence24
TrahPa00,Patrick Trahan,https://www.pro-football-reference.com/players/T/TrahPa00.htm,YoungMFGator,https://twitter.com/YoungMFGator
TratJu00,Justin Trattou,https://www.pro-football-reference.com/players/T/TratJu00.htm,Justin_Trattou,https://twitter.com/Justin_Trattou
TreaLa00,Laquon Treadwell,https://www.pro-football-reference.com/players/T/TreaLa00.htm,SuccessfulQuon,https://twitter.com/SuccessfulQuon
TripJo00,Jordan Tripp,https://www.pro-football-reference.com/players/T/TripJo00.htm,jtripp37,https://twitter.com/jtripp37
TrotJe00,Jeremiah Trotter,https://www.pro-football-reference.com/players/T/TrotJe00.htm,JTrotter_54,https://twitter.com/JTrotter_54
TrouTo00,Torell Troup,https://www.pro-football-reference.com/players/T/TrouTo00.htm,TorellTroup,https://twitter.com/TorellTroup
TrouJo00,Johnnie Troutman,https://www.pro-football-reference.com/players/T/TrouJo00.htm,J_Trout63,https://twitter.com/J_Trout63
TrueJe20,Jeremy Trueblood,https://www.pro-football-reference.com/players/T/TrueJe20.htm,jeremyTRUEblood,https://twitter.com/jeremyTRUEblood
TrufDe00,Desmond Trufant,https://www.pro-football-reference.com/players/T/TrufDe00.htm,DesmondTrufant,https://twitter.com/DesmondTrufant
TryoJu99,Justin Tryon,https://www.pro-football-reference.com/players/T/TryoJu99.htm,,https://twitter.com/
TuckJu20,Justin Tuck,https://www.pro-football-reference.com/players/T/TuckJu20.htm,JustinTuck,https://twitter.com/JustinTuck
TuckRo20,Ross Tucker,https://www.pro-football-reference.com/players/T/TuckRo20.htm,RossTuckerNFL,https://twitter.com/RossTuckerNFL
TuerMa00,Max Tuerk,https://www.pro-football-reference.com/players/T/TuerMa00.htm,maxtuerk,https://twitter.com/maxtuerk
TuitSt00,Stephon Tuitt,https://www.pro-football-reference.com/players/T/TuitSt00.htm,DOCnation_7,https://twitter.com/DOCnation_7
TullDa00,Davis Tull,https://www.pro-football-reference.com/players/T/TullDa00.htm,dtull55,https://twitter.com/dtull55
TullSt20,Stephen Tulloch,https://www.pro-football-reference.com/players/T/TullSt20.htm,stephentulloch,https://twitter.com/stephentulloch
TunsLa00,Laremy Tunsil,https://www.pro-football-reference.com/players/T/TunsLa00.htm,KingTunsil78,https://twitter.com/KingTunsil78
TuraKe00,Kemoko Turay,https://www.pro-football-reference.com/players/T/TuraKe00.htm,Kturay_58,https://twitter.com/Kturay_58
TurlKy20,Kyle Turley,https://www.pro-football-reference.com/players/T/TurlKy20.htm,KyleTurley,https://twitter.com/KyleTurley
TurnBi00,Billy Turner,https://www.pro-football-reference.com/players/T/TurnBi00.htm,Big_Mountain77,https://twitter.com/Big_Mountain77
TurnKe00,Kevin Turner,https://www.pro-football-reference.com/players/T/TurnKe00.htm,KevinTurner_NFL,https://twitter.com/KevinTurner_NFL
TurnPa02,Payton Turner,https://www.pro-football-reference.com/players/T/TurnPa02.htm,pt_turner98,https://twitter.com/pt_turner98
TurnTr01,Trai Turner,https://www.pro-football-reference.com/players/T/TurnTr01.htm,trai_turner,https://twitter.com/trai_turner
TurnVe00,Vernon Turner,https://www.pro-football-reference.com/players/T/TurnVe00.htm,VernonMTurner,https://twitter.com/VernonMTurner
UndeTi00,Tiquan Underwood,https://www.pro-football-reference.com/players/U/UndeTi00.htm,TiUnderwood,https://twitter.com/TiUnderwood
UpshCo00,Courtney Upshaw,https://www.pro-football-reference.com/players/U/UpshCo00.htm,334Upshaw41,https://twitter.com/334Upshaw41
UrbaBr00,Brent Urban,https://www.pro-football-reference.com/players/U/UrbaBr00.htm,urbanlegend96,https://twitter.com/urbanlegend96
UrlaBr00,Brian Urlacher,https://www.pro-football-reference.com/players/U/UrlaBr00.htm,BUrlacher54,https://twitter.com/BUrlacher54
UrscJo00,John Urschel,https://www.pro-football-reference.com/players/U/UrscJo00.htm,JohnCUrschel,https://twitter.com/JohnCUrschel
UtecBe00,Ben Utecht,https://www.pro-football-reference.com/players/U/UtecBe00.htm,BenUtecht,https://twitter.com/BenUtecht
UzomC.00,C.J. Uzomah,https://www.pro-football-reference.com/players/U/UzomC.00.htm,cjuzomah81,https://twitter.com/cjuzomah81
VaccKe00,Kenny Vaccaro,https://www.pro-football-reference.com/players/V/VaccKe00.htm,KennyVaccaro4,https://twitter.com/KennyVaccaro4
ValeVi00,Vincent Valentine,https://www.pro-football-reference.com/players/V/ValeVi00.htm,TheRealVRVJ,https://twitter.com/TheRealVRVJ
VallMa00,Max Valles,https://www.pro-football-reference.com/players/V/VallMa00.htm,big_black5,https://twitter.com/big_black5
VanBCo20,Courtney Van Buren,https://www.pro-football-reference.com/players/V/VanBCo20.htm,cvanburen,https://twitter.com/cvanburen
VanDMi00,Mitchell Van Dyk,https://www.pro-football-reference.com/players/V/VanDMi00.htm,Mitch64psu,https://twitter.com/Mitch64psu
VanDDe00,DeMarcus Van Dyke,https://www.pro-football-reference.com/players/V/VanDDe00.htm,D_VanDyke8,https://twitter.com/D_VanDyke8
VanNKy00,Kyle Van Noy,https://www.pro-football-reference.com/players/V/VanNKy00.htm,KVN_03,https://twitter.com/KVN_03
VannNi00,Nick Vannett,https://www.pro-football-reference.com/players/V/VannNi00.htm,N_Vannett81,https://twitter.com/N_Vannett81
VaugCl20,Clarence Vaughn,https://www.pro-football-reference.com/players/V/VaugCl20.htm,clarence_vaughn,https://twitter.com/clarence_vaughn
VeldJa20,Jared Veldheer,https://www.pro-football-reference.com/players/V/VeldJa20.htm,Veldheer68,https://twitter.com/Veldheer68
VentRo00,Ross Ventrone,https://www.pro-football-reference.com/players/V/VentRo00.htm,RustyBenson35,https://twitter.com/RustyBenson35
VereBr00,Brock Vereen,https://www.pro-football-reference.com/players/V/VereBr00.htm,brockvereen,https://twitter.com/brockvereen
VereSh00,Shane Vereen,https://www.pro-football-reference.com/players/V/VereSh00.htm,ShaneVereen34,https://twitter.com/ShaneVereen34
VernAl99,Alterraun Verner,https://www.pro-football-reference.com/players/V/VernAl99.htm,Alvern_1,https://twitter.com/Alvern_1
VerrJa00,Jason Verrett,https://www.pro-football-reference.com/players/V/VerrJa00.htm,Jfeeva_2,https://twitter.com/Jfeeva_2
VickMi00,Michael Vick,https://www.pro-football-reference.com/players/V/VickMi00.htm,MikeVick,https://twitter.com/MikeVick
VilmJo99,Jonathan Vilma,https://www.pro-football-reference.com/players/V/VilmJo99.htm,JonVilma51,https://twitter.com/JonVilma51
VitaDa00,Danny Vitale,https://www.pro-football-reference.com/players/V/VitaDa00.htm,RealDannyVitale,https://twitter.com/RealDannyVitale
WadeBo00,Bobby Wade,https://www.pro-football-reference.com/players/W/WadeBo00.htm,80bobbywade,https://twitter.com/80bobbywade
WagnBo00,Bobby Wagner,https://www.pro-football-reference.com/players/W/WagnBo00.htm,Bwagz54,https://twitter.com/Bwagz54
WakeCa00,Cameron Wake,https://www.pro-football-reference.com/players/W/WakeCa00.htm,Kold91,https://twitter.com/Kold91
WalfCl00,Clive Walford,https://www.pro-football-reference.com/players/W/WalfCl00.htm,OGSlick_46,https://twitter.com/OGSlick_46
WalkDa00,Darius Walker,https://www.pro-football-reference.com/players/W/WalkDa00.htm,dariusawalker,https://twitter.com/dariusawalker
WalkHu00,Delanie Walker,https://www.pro-football-reference.com/players/W/WalkHu00.htm,delaniewalker82,https://twitter.com/delaniewalker82
WalkFr20,Frank Walker,https://www.pro-football-reference.com/players/W/WalkFr20.htm,FRANKWALKER41,https://twitter.com/FRANKWALKER41
WalkHe00,Herschel Walker,https://www.pro-football-reference.com/players/W/WalkHe00.htm,HerschelWalker,https://twitter.com/HerschelWalker
WalkVa99,Vance Walker,https://www.pro-football-reference.com/players/W/WalkVa99.htm,SwaggerVance99,https://twitter.com/SwaggerVance99
WallMi00,Mike Wallace,https://www.pro-football-reference.com/players/W/WallMi00.htm,Wallace17_daKid,https://twitter.com/Wallace17_daKid
WallRo01,Roberto Wallace,https://www.pro-football-reference.com/players/W/WallRo01.htm,Roberto_Wallace,https://twitter.com/Roberto_Wallace
WallDa00,Darrin Walls,https://www.pro-football-reference.com/players/W/WallDa00.htm,Dwalls2ND,https://twitter.com/Dwalls2ND
WangEd20,Ed Wang,https://www.pro-football-reference.com/players/W/WangEd20.htm,ewang77,https://twitter.com/ewang77
WardDe01,Derrick Ward,https://www.pro-football-reference.com/players/W/WardDe01.htm,DerrickWard32,https://twitter.com/DerrickWard32
WardHi00,Hines Ward,https://www.pro-football-reference.com/players/W/WardHi00.htm,mvp86hinesward,https://twitter.com/mvp86hinesward
WardJi02,Jihad Ward,https://www.pro-football-reference.com/players/W/WardJi02.htm,JIHADWARD17,https://twitter.com/JIHADWARD17
WardJi01,Jimmie Ward,https://www.pro-football-reference.com/players/W/WardJi01.htm,ward_jimmie,https://twitter.com/ward_jimmie
WardT.99,T.J. Ward,https://www.pro-football-reference.com/players/W/WardT.99.htm,BossWard43,https://twitter.com/BossWard43
WareDa00,Danny Ware,https://www.pro-football-reference.com/players/W/WareDa00.htm,DannyWare28,https://twitter.com/DannyWare28
WareDe99,DeMarcus Ware,https://www.pro-football-reference.com/players/W/WareDe99.htm,DeMarcusWare,https://twitter.com/DeMarcusWare
WareJe99,Jeremy Ware,https://www.pro-football-reference.com/players/W/WareJe99.htm,Jware9,https://twitter.com/Jware9
WareMa20,Matt Ware,https://www.pro-football-reference.com/players/W/WareMa20.htm,,https://twitter.com/
WarfLa00,Larry Warford,https://www.pro-football-reference.com/players/W/WarfLa00.htm,wardaddy_75,https://twitter.com/wardaddy_75
WarmCh00,Chance Warmack,https://www.pro-football-reference.com/players/W/WarmCh00.htm,chancewarmack,https://twitter.com/chancewarmack
WarnKu00,Kurt Warner,https://www.pro-football-reference.com/players/W/WarnKu00.htm,kurt13warner,https://twitter.com/kurt13warner
WarrDo01,Donovan Warren,https://www.pro-football-reference.com/players/W/WarrDo01.htm,DWarren2,https://twitter.com/DWarren2
WarrPe00,Peter Warrick,https://www.pro-football-reference.com/players/W/WarrPe00.htm,Pdub80,https://twitter.com/Pdub80
WashAd00,Adolphus Washington,https://www.pro-football-reference.com/players/W/WashAd00.htm,awashington_92,https://twitter.com/awashington_92
WashDe00,DeAndre Washington,https://www.pro-football-reference.com/players/W/WashDe00.htm,dwa5hington,https://twitter.com/dwa5hington
WashDo98,Donald Washington,https://www.pro-football-reference.com/players/W/WashDo98.htm,DWashIII,https://twitter.com/DWashIII
WashDw00,Dwayne Washington,https://www.pro-football-reference.com/players/W/WashDw00.htm,UWdwayne12,https://twitter.com/UWdwayne12
WashFa20,Fabian Washington,https://www.pro-football-reference.com/players/W/WashFa20.htm,FABEWASH31,https://twitter.com/FABEWASH31
WashLe00,Leon Washington,https://www.pro-football-reference.com/players/W/WashLe00.htm,Leon_Washington,https://twitter.com/Leon_Washington
WatkJa00,Jason Watkins,https://www.pro-football-reference.com/players/W/WatkJa00.htm,jwat985,https://twitter.com/jwat985
WatkJa01,Jaylen Watkins,https://www.pro-football-reference.com/players/W/WatkJa01.htm,jwat14,https://twitter.com/jwat14
WatkRo00,Rokevious Watkins,https://www.pro-football-reference.com/players/W/WatkRo00.htm,MoneyintheSwank,https://twitter.com/MoneyintheSwank
WatkSa00,Sammy Watkins,https://www.pro-football-reference.com/players/W/WatkSa00.htm,sammywatkins,https://twitter.com/sammywatkins
WattCh00,Chris Watt,https://www.pro-football-reference.com/players/W/WattCh00.htm,CWatt65,https://twitter.com/CWatt65
WattDe00,Derek Watt,https://www.pro-football-reference.com/players/W/WattDe00.htm,DerekWatt34,https://twitter.com/DerekWatt34
WattJ.00,J.J. Watt,https://www.pro-football-reference.com/players/W/WattJ.00.htm,JJWatt,https://twitter.com/JJWatt
WattBr00,Brandon Watts,https://www.pro-football-reference.com/players/W/WattBr00.htm,1on1wattsisland,https://twitter.com/1on1wattsisland
WayxTr00,Tress Way,https://www.pro-football-reference.com/players/W/WayxTr00.htm,tress_way,https://twitter.com/tress_way
WaynRe00,Reggie Wayne,https://www.pro-football-reference.com/players/W/WaynRe00.htm,ReggieWayne_17,https://twitter.com/ReggieWayne_17
WaynTr00,Trae Waynes,https://www.pro-football-reference.com/players/W/WaynTr00.htm,TWaynes_15,https://twitter.com/TWaynes_15
WeatSt20,Steve Weatherford,https://www.pro-football-reference.com/players/W/WeatSt20.htm,Weatherford5,https://twitter.com/Weatherford5
WeatSt00,Stephen Weatherly,https://www.pro-football-reference.com/players/W/WeatSt00.htm,TDHAthlete,https://twitter.com/TDHAthlete
WeatSe99,Sean Weatherspoon,https://www.pro-football-reference.com/players/W/WeatSe99.htm,SeanWSpoon56,https://twitter.com/SeanWSpoon56
WeavLe00,Leonard Weaver,https://www.pro-football-reference.com/players/W/WeavLe00.htm,LeonardWeaver,https://twitter.com/LeonardWeaver
WebbJo00,Joe Webb,https://www.pro-football-reference.com/players/W/WebbJo00.htm,JoeWebb_14,https://twitter.com/JoeWebb_14
WebbLa99,Lardarius Webb,https://www.pro-football-reference.com/players/W/WebbLa99.htm,LWebb21,https://twitter.com/LWebb21
WebeAd00,Adam Weber,https://www.pro-football-reference.com/players/W/WebeAd00.htm,Adam_Weber8,https://twitter.com/Adam_Weber8
WebsCo20,Corey Webster,https://www.pro-football-reference.com/players/W/WebsCo20.htm,IAMCweb,https://twitter.com/IAMCweb
WeedBr00,Brandon Weeden,https://www.pro-football-reference.com/players/W/WeedBr00.htm,bweeden3,https://twitter.com/bweeden3
WeemEr00,Eric Weems,https://www.pro-football-reference.com/players/W/WeemEr00.htm,ericweems,https://twitter.com/ericweems
WelkWe00,Wes Welker,https://www.pro-football-reference.com/players/W/WelkWe00.htm,WesWelker,https://twitter.com/WesWelker
WellCh00,Beanie Wells,https://www.pro-football-reference.com/players/W/WellCh00.htm,BeanieWells26,https://twitter.com/BeanieWells26
WellMa00,Matthew Wells,https://www.pro-football-reference.com/players/W/WellMa00.htm,bruhbruh601,https://twitter.com/bruhbruh601
WennKe00,Keith Wenning,https://www.pro-football-reference.com/players/W/WennKe00.htm,Wenning10,https://twitter.com/Wenning10
WentCa00,Carson Wentz,https://www.pro-football-reference.com/players/W/WentCa00.htm,cj_wentz,https://twitter.com/cj_wentz
WernBj00,Bjoern Werner,https://www.pro-football-reference.com/players/W/WernBj00.htm,BjoernWerner,https://twitter.com/BjoernWerner
WernPe00,Pete Werner,https://www.pro-football-reference.com/players/W/WernPe00.htm,petewerner23,https://twitter.com/petewerner23
WestTe00,Terrance West,https://www.pro-football-reference.com/players/W/WestTe00.htm,TerranceWestBWI,https://twitter.com/TerranceWestBWI
WestBr00,Brian Westbrook,https://www.pro-football-reference.com/players/W/WestBr00.htm,36westbrook,https://twitter.com/36westbrook
WestBy00,Byron Westbrook,https://www.pro-football-reference.com/players/W/WestBy00.htm,BWestbrook34,https://twitter.com/BWestbrook34
WestCh02,Christian Westerman,https://www.pro-football-reference.com/players/W/WestCh02.htm,cwest_55,https://twitter.com/cwest_55
WestJa99,Jamaal Westerman,https://www.pro-football-reference.com/players/W/WestJa99.htm,JamaalWesterman,https://twitter.com/JamaalWesterman
WheePh99,Philip Wheeler,https://www.pro-football-reference.com/players/W/WheePh99.htm,Philgood50,https://twitter.com/Philgood50
WheeEr21,Ernie Wheelwright,https://www.pro-football-reference.com/players/W/WheeEr21.htm,Mr_MoneyErn2U,https://twitter.com/Mr_MoneyErn2U
WhimGu20,Guy Whimper,https://www.pro-football-reference.com/players/W/WhimGu20.htm,GuyWhimper68,https://twitter.com/GuyWhimper68
WhitCh03,Chris White,https://www.pro-football-reference.com/players/W/WhitCh03.htm,CWhite51,https://twitter.com/CWhite51
WhitCo01,Corey White,https://www.pro-football-reference.com/players/W/WhitCo01.htm,CoreyWhiteJr3,https://twitter.com/CoreyWhiteJr3
WhitJa02,James White,https://www.pro-football-reference.com/players/W/WhitJa02.htm,SweetFeet_White,https://twitter.com/SweetFeet_White
WhitJo01,Johnny White,https://www.pro-football-reference.com/players/W/WhitJo01.htm,Johnny_R_White,https://twitter.com/Johnny_R_White
WhitKe00,Kevin White,https://www.pro-football-reference.com/players/W/WhitKe00.htm,mrkevinwhite,https://twitter.com/mrkevinwhite
WhitLe01,LenDale White,https://www.pro-football-reference.com/players/W/WhitLe01.htm,THEREAL_LENDALE,https://twitter.com/THEREAL_LENDALE
WhitMa01,Markus White,https://www.pro-football-reference.com/players/W/WhitMa01.htm,Em_Whyte55,https://twitter.com/Em_Whyte55
WhitRo00,Roddy White,https://www.pro-football-reference.com/players/W/WhitRo00.htm,roddywhiteTV,https://twitter.com/roddywhiteTV
WhitCo03,Cody Whitehair,https://www.pro-football-reference.com/players/W/WhitCo03.htm,WhItehair76,https://twitter.com/WhItehair76
WhitDo20,Donte Whitner,https://www.pro-football-reference.com/players/W/WhitDo20.htm,DonteWhitner,https://twitter.com/DonteWhitner
WiggJe00,Jermaine Wiggins,https://www.pro-football-reference.com/players/W/WiggJe00.htm,jwiggs85,https://twitter.com/jwiggs85
WileMa00,Marcellus Wiley,https://www.pro-football-reference.com/players/W/WileMa00.htm,marcelluswiley,https://twitter.com/marcelluswiley
WilfVi20,Vince Wilfork,https://www.pro-football-reference.com/players/W/WilfVi20.htm,wilfork75,https://twitter.com/wilfork75
WilkMu00,Muhammad Wilkerson,https://www.pro-football-reference.com/players/W/WilkMu00.htm,mowilkerson,https://twitter.com/mowilkerson
WillAa00,Aaron Williams,https://www.pro-football-reference.com/players/W/WillAa00.htm,ajwilliams23,https://twitter.com/ajwilliams23
WillAe00,Aeneas Williams,https://www.pro-football-reference.com/players/W/WillAe00.htm,aeneas35,https://twitter.com/aeneas35
WillAn00,Andre Williams,https://www.pro-football-reference.com/players/W/WillAn00.htm,drewill44,https://twitter.com/drewill44
WillAn01,Antwione Williams,https://www.pro-football-reference.com/players/W/WillAn01.htm,twanyouafool,https://twitter.com/twanyouafool
WillBr95,Brandon Williams,https://www.pro-football-reference.com/players/W/WillBr95.htm,bwill59,https://twitter.com/bwill59
WillCa99,Cary Williams,https://www.pro-football-reference.com/players/W/WillCa99.htm,CaryWilliams26,https://twitter.com/CaryWilliams26
WillCh02,Chandler Williams,https://www.pro-football-reference.com/players/W/WillCh02.htm,ChandlerW11,https://twitter.com/ChandlerW11
WillD.00,D.J. Williams,https://www.pro-football-reference.com/players/W/WillD.00.htm,dj45williams,https://twitter.com/dj45williams
WillD.20,D.J. Williams,https://www.pro-football-reference.com/players/W/WillD.20.htm,DjWilliam55,https://twitter.com/DjWilliam55
WillDa04,Damian Williams,https://www.pro-football-reference.com/players/W/WillDa04.htm,DwillOne7,https://twitter.com/DwillOne7
WillDa99,Dan Williams,https://www.pro-football-reference.com/players/W/WillDa99.htm,MrDanWilliams,https://twitter.com/MrDanWilliams
WillDa06,Daryl Williams,https://www.pro-football-reference.com/players/W/WillDa06.htm,DWilliams_60,https://twitter.com/DWilliams_60
WillDe05,Derrick Williams,https://www.pro-football-reference.com/players/W/WillDe05.htm,DWheelz15,https://twitter.com/DWheelz15
WillEd00,Eddie Williams,https://www.pro-football-reference.com/players/W/WillEd00.htm,RealEWilliams,https://twitter.com/RealEWilliams
WillIa00,Ian Williams,https://www.pro-football-reference.com/players/W/WillIa00.htm,IWilliams95,https://twitter.com/IWilliams95
WillJa96,Jack Williams,https://www.pro-football-reference.com/players/W/WillJa96.htm,G5Jack,https://twitter.com/G5Jack
WillJa99,Jamal Williams,https://www.pro-football-reference.com/players/W/WillJa99.htm,76767676,https://twitter.com/76767676
WillJa21,Jamar Williams,https://www.pro-football-reference.com/players/W/WillJa21.htm,JamarWilliams53,https://twitter.com/JamarWilliams53
WillJa95,Jason Williams,https://www.pro-football-reference.com/players/W/WillJa95.htm,WreakingHavoQ,https://twitter.com/WreakingHavoQ
WillJo07,Jonathan Williams,https://www.pro-football-reference.com/players/W/WillJo07.htm,Jwillpart2,https://twitter.com/Jwillpart2
WillKa01,Karlos Williams,https://www.pro-football-reference.com/players/W/WillKa01.htm,Karlos_Sr,https://twitter.com/Karlos_Sr
WillKe03,Keiland Williams,https://www.pro-football-reference.com/players/W/WillKe03.htm,kwill35,https://twitter.com/kwill35
WillKe04,Keith Williams,https://www.pro-football-reference.com/players/W/WillKe04.htm,s_kwilli32,https://twitter.com/s_kwilli32
WillKy01,Kyle Williams,https://www.pro-football-reference.com/players/W/WillKy01.htm,KyleWilliams_10,https://twitter.com/KyleWilliams_10
WillLa01,LaQuan Williams,https://www.pro-football-reference.com/players/W/WillLa01.htm,i_amQUAN,https://twitter.com/i_amQUAN
WillLe02,Leonard Williams,https://www.pro-football-reference.com/players/W/WillLe02.htm,leonardwilliams,https://twitter.com/leonardwilliams
WillMa20,Madieu Williams,https://www.pro-football-reference.com/players/W/WillMa20.htm,MadieuWmsFndtn,https://twitter.com/MadieuWmsFndtn
WillMa22,Mario Williams,https://www.pro-football-reference.com/players/W/WillMa22.htm,bbwolf94,https://twitter.com/bbwolf94
WillMa11,Marlon Williams,https://www.pro-football-reference.com/players/W/WillMa11.htm,thereall__6,https://twitter.com/thereall__6
WillMa04,Maxx Williams,https://www.pro-football-reference.com/players/W/WillMa04.htm,williams_maxx,https://twitter.com/williams_maxx
WillP.00,P.J. Williams,https://www.pro-football-reference.com/players/W/WillP.00.htm,PjWilliams_26,https://twitter.com/PjWilliams_26
WillRo03,Roy Williams,https://www.pro-football-reference.com/players/W/WillRo03.htm,roywilliams31,https://twitter.com/roywilliams31
WillRy00,Ryan Williams,https://www.pro-football-reference.com/players/W/WillRy00.htm,,https://twitter.com/
WillSa22,Sam Williams,https://www.pro-football-reference.com/players/W/WillSa22.htm,samwilly54,https://twitter.com/samwilly54
WillSe00,Seth Williams,https://www.pro-football-reference.com/players/W/WillSe00.htm,8_sethwilliams,https://twitter.com/8_sethwilliams
WillSt01,Stephen Williams,https://www.pro-football-reference.com/players/W/WillSt01.htm,SteveWill_14,https://twitter.com/SteveWill_14
WillSy00,Sylvester Williams,https://www.pro-football-reference.com/players/W/WillSy00.htm,Sylwil92,https://twitter.com/Sylwil92
WillTe00,Teddy Williams,https://www.pro-football-reference.com/players/W/WillTe00.htm,_FastTeddy_,https://twitter.com/_FastTeddy_
WillTh99,Thomas Williams,https://www.pro-football-reference.com/players/W/WillTh99.htm,T_Williams56,https://twitter.com/T_Williams56
WillTo24,Torri Williams,https://www.pro-football-reference.com/players/W/WillTo24.htm,_twil13,https://twitter.com/_twil13
WillTr99,Tramon Williams,https://www.pro-football-reference.com/players/W/WillTr99.htm,HighRizer22,https://twitter.com/HighRizer22
WillZa01,Zack Williams,https://www.pro-football-reference.com/players/W/WillZa01.htm,fatboyfast,https://twitter.com/fatboyfast
WillAv00,Avery Williamson,https://www.pro-football-reference.com/players/W/WillAv00.htm,AWilliamson54,https://twitter.com/AWilliamson54
WillPa98,Patrick Willis,https://www.pro-football-reference.com/players/W/WillPa98.htm,PatrickWillis52,https://twitter.com/PatrickWillis52
WillJe04,Jedrick Wills Jr.,https://www.pro-football-reference.com/players/W/WillJe04.htm,JWills73,https://twitter.com/JWills73
WillDr00,Drew Willy,https://www.pro-football-reference.com/players/W/WillDr00.htm,Drew_Willy,https://twitter.com/Drew_Willy
WilsAd99,Adrian Wilson,https://www.pro-football-reference.com/players/W/WilsAd99.htm,adrian_wilson24,https://twitter.com/adrian_wilson24
WilsC.98,C.J. Wilson,https://www.pro-football-reference.com/players/W/WilsC.98.htm,cjwilson95,https://twitter.com/cjwilson95
WilsCh99,Chris Wilson,https://www.pro-football-reference.com/players/W/WilsCh99.htm,CWil95Flint,https://twitter.com/CWil95Flint
WilsDa02,Damien Wilson,https://www.pro-football-reference.com/players/W/WilsDa02.htm,dwilson_6,https://twitter.com/dwilson_6
WilsE.99,E.J. Wilson,https://www.pro-football-reference.com/players/W/WilsE.99.htm,EjfrmVA,https://twitter.com/EjfrmVA
WilsGe01,George Wilson,https://www.pro-football-reference.com/players/W/WilsGe01.htm,,https://twitter.com/
WilsIs00,Isaiah Wilson,https://www.pro-football-reference.com/players/W/WilsIs00.htm,_LayZay_,https://twitter.com/_LayZay_
WilsJo01,John Parker Wilson,https://www.pro-football-reference.com/players/W/WilsJo01.htm,jpwilson4,https://twitter.com/jpwilson4
WilsJo99,Josh Wilson,https://www.pro-football-reference.com/players/W/WilsJo99.htm,TheJoshWilson,https://twitter.com/TheJoshWilson
WilsKy99,Kyle Wilson,https://www.pro-football-reference.com/players/W/WilsKy99.htm,KWilson20,https://twitter.com/KWilson20
WilsMa04,Marco Wilson,https://www.pro-football-reference.com/players/W/WilsMa04.htm,MJW_era,https://twitter.com/MJW_era
WilsMa01,Martez Wilson,https://www.pro-football-reference.com/players/W/WilsMa01.htm,MartezWilson773,https://twitter.com/MartezWilson773
WilsOt00,Otis Wilson,https://www.pro-football-reference.com/players/W/WilsOt00.htm,OtisWilson_55,https://twitter.com/OtisWilson_55
WilsRa00,Ramik Wilson,https://www.pro-football-reference.com/players/W/WilsRa00.htm,WilsonRamik,https://twitter.com/WilsonRamik
WilsRo20,Rod Wilson,https://www.pro-football-reference.com/players/W/WilsRo20.htm,RodWilson58,https://twitter.com/RodWilson58
WilsRu00,Russell Wilson,https://www.pro-football-reference.com/players/W/WilsRu00.htm,DangeRussWilson,https://twitter.com/DangeRussWilson
WilsTa00,Tavon Wilson,https://www.pro-football-reference.com/players/W/WilsTa00.htm,tavonwilson,https://twitter.com/tavonwilson
WilsZa00,Zach Wilson,https://www.pro-football-reference.com/players/W/WilsZa00.htm,ZachWilson,https://twitter.com/ZachWilson
WimbKa20,Kamerion Wimbley,https://www.pro-football-reference.com/players/W/WimbKa20.htm,Mr_Wimbley95,https://twitter.com/Mr_Wimbley95
WindRo01,Robert Windsor,https://www.pro-football-reference.com/players/W/WindRo01.htm,RobertWindsor54,https://twitter.com/RobertWindsor54
WinsEr20,Eric Winston,https://www.pro-football-reference.com/players/W/WinsEr20.htm,ericwinston,https://twitter.com/ericwinston
WinsJa00,Jameis Winston,https://www.pro-football-reference.com/players/W/WinsJa00.htm,Jaboowins,https://twitter.com/Jaboowins
WireCo20,Coy Wire,https://www.pro-football-reference.com/players/W/WireCo20.htm,CoyWire,https://twitter.com/CoyWire
WittJa00,Jason Witten,https://www.pro-football-reference.com/players/W/WittJa00.htm,JasonWitten,https://twitter.com/JasonWitten
WolfGa00,Garrett Wolfe,https://www.pro-football-reference.com/players/W/WolfGa00.htm,GWolfe25,https://twitter.com/GWolfe25
WoodEr20,Eric Wood,https://www.pro-football-reference.com/players/W/WoodEr20.htm,EWood70,https://twitter.com/EWood70
WoodJo00,Jonathan Woodard,https://www.pro-football-reference.com/players/W/WoodJo00.htm,Woodro_96,https://twitter.com/Woodro_96
WoodDa02,Danny Woodhead,https://www.pro-football-reference.com/players/W/WoodDa02.htm,danny__woodhead,https://twitter.com/danny__woodhead
WoodLa99,LaMarr Woodley,https://www.pro-football-reference.com/players/W/WoodLa99.htm,LaMarrWoodley,https://twitter.com/LaMarrWoodley
WoodBe00,Bear Woods,https://www.pro-football-reference.com/players/W/WoodBe00.htm,TheBEAR45,https://twitter.com/TheBEAR45
WoodDa01,Darren Woodson,https://www.pro-football-reference.com/players/W/WoodDa01.htm,darrenwoodson28,https://twitter.com/darrenwoodson28
WoodDa20,Damien Woody,https://www.pro-football-reference.com/players/W/WoodDa20.htm,damienwoody,https://twitter.com/damienwoody
WoodWe20,Wesley Woodyard,https://www.pro-football-reference.com/players/W/WoodWe20.htm,WoodDro52,https://twitter.com/WoodDro52
WootCo99,Corey Wootton,https://www.pro-football-reference.com/players/W/WootCo99.htm,CoreyWootton,https://twitter.com/CoreyWootton
WoriJa99,Jason Worilds,https://www.pro-football-reference.com/players/W/WoriJa99.htm,WorildsGreatest,https://twitter.com/WorildsGreatest
WortJe00,Jerel Worthy,https://www.pro-football-reference.com/players/W/WortJe00.htm,I_AM_Worthy99,https://twitter.com/I_AM_Worthy99
WrigGe00,George Wrighster,https://www.pro-football-reference.com/players/W/WrigGe00.htm,georgewrighster,https://twitter.com/georgewrighster
WrigEr99,Eric Wright,https://www.pro-football-reference.com/players/W/WrigEr99.htm,EWrighteous21,https://twitter.com/EWrighteous21
WrigGa00,Gabe Wright,https://www.pro-football-reference.com/players/W/WrigGa00.htm,NineORhino,https://twitter.com/NineORhino
WrigK.00,K.J. Wright,https://www.pro-football-reference.com/players/W/WrigK.00.htm,KJ_WRIGHT34,https://twitter.com/KJ_WRIGHT34
WrigMa99,Major Wright,https://www.pro-football-reference.com/players/W/WrigMa99.htm,LilMade21,https://twitter.com/LilMade21
WrigSc00,Scooby Wright III,https://www.pro-football-reference.com/players/W/WrigSc00.htm,TwoStarScoob,https://twitter.com/TwoStarScoob
WyliDe00,Devon Wylie,https://www.pro-football-reference.com/players/W/WyliDe00.htm,WylieMan7,https://twitter.com/WylieMan7
WynnJa99,Jarius Wynn,https://www.pro-football-reference.com/players/W/WynnJa99.htm,slickwynn94,https://twitter.com/slickwynn94
WyriJi20,Jimmy Wyrick,https://www.pro-football-reference.com/players/W/WyriJi20.htm,GameReadyjw,https://twitter.com/GameReadyjw
Ya-SRo00,Rock Ya-Sin,https://www.pro-football-reference.com/players/Y/Ya-SRo00.htm,RockYasin26,https://twitter.com/RockYasin26
YankDa00,David Yankey,https://www.pro-football-reference.com/players/Y/YankDa00.htm,papa_yank,https://twitter.com/papa_yank
YateT.00,T.J. Yates,https://www.pro-football-reference.com/players/Y/YateT.00.htm,TJ_Yates,https://twitter.com/TJ_Yates
YeldT.00,T.J. Yeldon,https://www.pro-football-reference.com/players/Y/YeldT.00.htm,T_Yeldon,https://twitter.com/T_Yeldon
YounAl01,Albert Young,https://www.pro-football-reference.com/players/Y/YounAl01.htm,adotyoung,https://twitter.com/adotyoung
YounSa21,Sam Young,https://www.pro-football-reference.com/players/Y/YounSa21.htm,bigyoungin76,https://twitter.com/bigyoungin76
YounTa01,Tavon Young,https://www.pro-football-reference.com/players/Y/YounTa01.htm,Tyoung_NL,https://twitter.com/Tyoung_NL
YounTi00,Titus Young,https://www.pro-football-reference.com/players/Y/YounTi00.htm,TitusYoung,https://twitter.com/TitusYoung
YounUs99,Usama Young,https://www.pro-football-reference.com/players/Y/YounUs99.htm,,https://twitter.com/
YounJa00,Jack Youngblood,https://www.pro-football-reference.com/players/Y/YounJa00.htm,theblood85,https://twitter.com/theblood85
ZbikTo99,Tom Zbikowski,https://www.pro-football-reference.com/players/Z/ZbikTo99.htm,tommyzbikowski,https://twitter.com/tommyzbikowski
ZiegDo00,Dominique Zeigler,https://www.pro-football-reference.com/players/Z/ZiegDo00.htm,DZeigler17,https://twitter.com/DZeigler17
ZereAm00,Amos Zereoue,https://www.pro-football-reference.com/players/Z/ZereAm00.htm,zereoue,https://twitter.com/zereoue
ZettAn00,Anthony Zettel,https://www.pro-football-reference.com/players/Z/ZettAn00.htm,Zettel98,https://twitter.com/Zettel98
ZiemLe00,Lee Ziemba,https://www.pro-football-reference.com/players/Z/ZiemLe00.htm,Ziemba73,https://twitter.com/Ziemba73
